LoggerLight version 1.3.0, 7/23/2018 6:33:54 AM, rapid sampling mode. Time is number of seconds past midnight of 7/23/2018, Warning: probe Edz305nm, calibrated 4/5/2012 This is identified by tag a
 Probe S/N  BIC2104P-1011   , calibrated 4/5/2012 with 2 picAD channels and 6 high resolution AD channels. This is identified by tag "a"
 Probe S/N  BIC2104R-1011   , calibrated 4/30/2018 with 2 picAD channels and 4 high resolution AD channels. This is identified by tag "b"
ScaleFactor,0.264714,0.069044,0.032916,0.000521,9.691656E-02,6.155094E-03,0.23,0.01,0.148964,5.208686E-02,2.334893E-02,5.0338E-04,0.23,0.01,
Offset+FO,0.1933315,0.1934529,0.1924036,0.1938019,0.4814327,5.634666E-02,0,0.965,0.1939131,0.1940993,0.1930202,0.1932678,0,0.965,
Units,µWatts/cm˛/nm,µWatts/cm˛/nm,µWatts/cm˛/nm,µEinsteins/m˛/s,°C,meters,v.,°C,µWatts/cm˛/nm,µWatts/cm˛/nm,µWatts/cm˛/nm,µEinsteins/m˛/s,v.,°C,
Immersion,0.623,0.635,0.641,0.662,n/a,n/a,n/a,n/a,n/a,n/a,n/a,n/a,n/a,n/a,
Cal Date,4/5/2012,4/5/2012,4/5/2012,4/5/2012,4/5/2012,4/5/2012,4/5/2012,4/5/2012,4/30/2018,4/30/2018,4/30/2018,4/30/2018,4/30/2018,4/30/2018,
Tag Address,a,a,a,a,a,a,a,a,b,b,b,b,b,b,
Time,Edz305nm,Edz320nm,Edz380nm,EdzPAR,WaterTemp,Depth,Vin_a,uItemp_a,Ed0305nm,Ed0320nm,Ed0380nm,Ed0PAR,Vin_b,uItemp_b,
23634.95,0.0109839,1.183889,6.318059,134.6358,22.93697,-9.335174E-02,9.595788,19.71094,5.417031E-03,0.8028391,4.629231,95.41017,9.595788,20.19922,
23635.24,1.123328E-02,1.183311,6.310785,134.6151,22.95755,-4.899998E-02,9.638247,19.71094,5.561077E-03,0.8015403,4.615842,95.01232,9.595788,20.19922,
23635.54,1.164711E-02,1.187234,6.330433,135.4023,22.9986,-0.0725316,9.638247,19.71094,5.533068E-03,0.7982618,4.60415,94.71037,9.595788,20.19922,
23635.83,1.140496E-02,1.185928,6.302876,134.6333,23.01611,-7.761558E-02,9.638247,19.71094,4.770824E-03,0.7987538,4.599836,94.57066,9.595788,20.19922,
23636.13,1.151338E-02,1.186601,6.299867,134.5987,23.026,-7.374207E-02,9.638247,19.71094,5.465046E-03,0.7965224,4.587902,94.31844,9.595788,20.19922,
23636.42,1.150977E-02,1.180171,6.273157,133.802,23.09267,-5.214721E-02,9.638247,19.71094,5.25898E-03,0.7965453,4.586217,94.25568,9.595788,20.19922,
23636.72,1.098028E-02,1.172075,6.231064,132.9224,23.07616,-6.546243E-02,9.638247,19.71094,5.707123E-03,0.797558,4.583958,94.1503,9.595788,20.19922,
23637.01,1.107426E-02,1.172007,6.212773,132.8342,23.0967,-0.0845395,9.638247,19.71094,5.563078E-03,0.7983934,4.595611,94.42323,9.595788,20.19922,
23637.3,1.168687E-02,1.165624,6.183845,132.2043,23.10583,-7.296737E-02,9.638247,19.71094,5.993215E-03,0.8002815,4.602236,94.38475,9.595788,20.19922,
23637.6,0.0118224,1.165006,6.197843,132.7409,23.09692,-5.853852E-02,9.638247,19.71094,5.577082E-03,0.8011627,4.606078,94.52033,9.595788,20.19922,
23637.91,1.130918E-02,1.163986,6.172079,131.914,23.11346,-8.613732E-02,9.638247,19.71094,5.937197E-03,0.8012542,4.607048,94.56651,9.595788,20.19922,
23638.19,1.106341E-02,1.164258,6.177856,132.0566,23.10112,-2.469367E-02,9.638247,19.71094,5.681115E-03,0.8033769,4.611757,94.54934,9.595788,20.19922,
23638.48,1.220009E-02,1.165978,6.18482,131.9036,23.10088,-4.837054E-02,9.638247,19.71094,5.753138E-03,0.8028105,4.613034,94.63045,9.595788,20.19922,
23638.78,1.153507E-02,1.165903,6.177997,131.6971,23.08505,-3.292489E-03,9.638247,19.71094,5.859172E-03,0.8042809,4.616608,94.54816,9.595788,20.19922,
23639.09,0.0112116,1.167874,6.191882,132.0436,23.14042,-4.706322E-02,9.638247,19.71094,5.839166E-03,0.803932,4.620003,94.54697,9.595788,20.19922,
23639.41,1.195432E-02,1.167602,6.183916,131.812,23.1273,-3.888042E-02,9.638247,19.71094,5.647104E-03,0.8056771,4.621407,94.68906,9.595788,20.19922,
23639.71,1.111943E-02,1.163401,6.177461,131.7187,23.11053,-1.718873E-02,9.638247,19.71094,5.278986E-03,0.8055111,4.621254,94.67426,9.595788,20.19922,
23640.01,1.078692E-02,1.167922,6.186317,131.7861,23.10835,-2.266007E-02,9.638247,19.71094,5.409028E-03,0.8061519,4.629844,94.76781,9.595788,20.19922,
23640.3,1.192179E-02,1.167004,6.178901,131.6038,23.09875,-3.476481E-02,9.638247,19.71094,5.997216E-03,0.8079371,4.629027,94.65058,9.595788,20.19922,
23640.6,1.128388E-02,1.163626,6.159875,131.0724,23.09889,-0.0452233,9.638247,19.71094,5.825161E-03,0.8077711,4.632537,94.68729,9.595788,20.19922,
23640.88,1.142303E-02,1.16731,6.171966,131.367,23.1139,-0.0518567,9.638247,19.71094,5.797152E-03,0.8079829,4.634656,94.71689,9.595788,20.19922,
23641.19,1.157302E-02,1.170009,6.183831,131.6081,23.10461,-3.747627E-02,9.638247,19.71094,5.893183E-03,0.8088068,4.636775,94.65472,9.595788,20.19922,
23641.5,1.171397E-02,1.168078,6.17924,131.4742,23.05188,-3.156916E-02,9.638247,19.71094,5.495056E-03,0.8099797,4.639532,94.66242,9.595788,20.19922,
23641.8,0.0115188,1.167283,6.192518,131.6954,23.03706,-2.968082E-02,9.638247,19.71094,5.399025E-03,0.8106377,4.638638,94.71275,9.595788,20.19922,
23642.1,0.0115441,1.173686,6.205414,131.8794,23.06485,-7.553357E-02,9.638247,19.71094,5.717127E-03,0.811536,4.640476,94.69853,9.595788,20.19922,
23642.41,1.203022E-02,1.171722,6.196925,131.5813,23.12944,-0.0482737,9.638247,19.71094,5.657108E-03,0.8112041,4.642034,94.72991,9.595788,20.19922,
23642.69,1.160374E-02,1.175766,6.217999,131.9079,23.12634,-5.732804E-02,9.638247,19.71094,5.823161E-03,0.8105862,4.643297,94.72932,9.595788,20.19922,
23643,1.093872E-02,1.173217,6.198224,131.3757,23.12754,-2.072331E-02,9.638247,19.71094,5.302995E-03,0.8124686,4.650623,94.78853,9.595788,20.19922,
23643.3,0.0115947,1.171987,6.205993,131.7533,23.1272,-6.928752E-02,9.638247,19.71094,5.427034E-03,0.8127719,4.65107,94.87496,9.595788,20.19922,
23643.62,1.182421E-02,1.169145,6.187927,131.3273,23.10695,-6.192784E-02,9.638247,19.71094,5.515062E-03,0.8133441,4.653316,94.7832,9.595788,20.19922,
23643.92,1.186758E-02,1.173047,6.189749,131.4759,23.11686,-0.0444486,9.638247,19.71094,5.399025E-03,0.8153581,4.663923,94.99456,9.595788,20.19922,
23644.21,1.173566E-02,1.169839,6.176076,131.0819,23.07048,-3.156916E-02,9.638247,19.71094,6.221288E-03,0.8170002,4.672718,95.07507,9.595788,20.19922,
23644.5,1.157302E-02,1.171055,6.180384,131.3065,23.13674,-2.817983E-02,9.638247,19.71094,6.489373E-03,0.8188884,4.686375,95.16388,9.595788,20.19922,
23644.8,1.150254E-02,1.170444,6.181458,131.075,23.07101,-9.780629E-03,9.638247,19.71094,5.905187E-03,0.8155354,4.662749,94.9022,9.595788,20.19922,
23645.11,0.0116959,1.169193,6.171641,130.871,23.07214,-1.360573E-02,9.638247,19.71094,5.953202E-03,0.8163708,4.664434,94.86194,9.595788,20.19922,
23645.4,1.149712E-02,1.173849,6.191147,131.3195,23.05435,-1.491304E-02,9.638247,19.71094,5.823161E-03,0.8198038,4.678385,95.10172,9.595788,20.19922,
23645.7,1.206275E-02,1.176201,6.206388,131.6936,23.07022,-2.338636E-02,9.638247,19.71094,5.85317E-03,0.8176868,4.672335,94.98331,9.595788,20.19922,
23645.99,1.176638E-02,1.182978,6.241178,132.3288,23.06593,-4.841895E-03,9.638247,19.71094,5.439038E-03,0.8179157,4.674339,94.98804,9.595788,20.19922,
23646.27,1.242417E-02,1.18047,6.233423,131.9987,23.06737,-1.878656E-02,9.638247,19.71094,5.224969E-03,0.8172748,4.664651,94.798,9.595788,20.19922,
23646.56,0.0119489,1.179464,6.240104,132.2026,23.11575,-1.530039E-02,9.638247,19.71094,6.037229E-03,0.8179157,4.664077,94.84892,9.595788,20.19922,
23646.87,1.167241E-02,1.183488,6.251771,132.4074,23.05816,-3.592686E-02,9.638247,19.71094,6.173272E-03,0.8184478,4.669425,94.74945,9.595788,20.19922,
23647.15,1.115558E-02,1.184943,6.247915,132.2847,23.12208,7.747033E-03,9.638247,19.71094,5.78915E-03,0.8195349,4.669463,94.8051,9.595788,20.19922,
23647.46,1.196335E-02,1.185616,6.252916,132.276,23.08486,-3.181125E-02,9.638247,19.71094,6.057235E-03,0.8196436,4.671084,94.74413,9.595788,20.19922,
23647.76,1.182782E-02,1.181129,6.235909,131.7948,23.10788,-0.0360237,9.638247,19.71094,5.661109E-03,0.8190085,4.670101,94.71097,9.595788,20.19922,
23648.06,1.170855E-02,1.185697,6.246799,132.2458,23.15984,-4.696639E-02,9.638247,19.71094,6.147264E-03,0.8198782,4.67065,94.79681,9.595788,20.19922,
23648.37,0.0111122,1.181925,6.225697,131.6142,23.13702,-3.573319E-02,9.638247,19.71094,5.393023E-03,0.8218006,4.680823,94.76425,9.595788,20.19922,
23648.66,1.124051E-02,1.184297,6.251984,132.3495,23.14155,-8.521736E-03,9.595788,19.71094,6.379338E-03,0.8244498,4.694787,95.08277,9.595788,20.19922,
23648.94,1.190011E-02,1.179722,6.230881,131.7585,23.11766,-2.217588E-02,9.638247,19.71094,6.127258E-03,0.8251764,4.698373,95.15086,9.595788,20.19922,
23649.23,1.176999E-02,1.178268,6.221064,131.6401,23.12834,-5.713437E-03,9.638247,19.71094,6.035228E-03,0.8249419,4.701539,95.24026,9.595788,20.19922,
23649.53,1.162542E-02,1.18151,6.233155,131.7991,23.11173,-2.653359E-02,9.638247,19.71094,5.847168E-03,0.8255712,4.700186,95.22486,9.595788,20.19922,
23649.84,1.163085E-02,1.176731,6.210682,131.1251,23.11154,-4.115611E-02,9.638247,19.71094,5.579082E-03,0.8256628,4.698973,94.97739,9.595788,20.19922,
23650.13,1.186035E-02,1.181184,6.233451,131.8449,23.11811,-9.73221E-03,9.638247,19.71094,5.813157E-03,0.8269158,4.7045,95.04784,9.595788,20.19922,
23650.43,1.188565E-02,1.178907,6.216968,131.52,23.13946,-3.641105E-02,9.638247,19.71094,6.485372E-03,0.8271618,4.706798,95.07863,9.595788,20.19922,
23650.73,1.160916E-02,1.180151,6.214228,131.5545,23.13135,-3.616896E-02,9.595788,19.71094,5.531067E-03,0.8272877,4.709925,95.07922,9.595788,20.19922,
23651.04,9.809276E-03,1.001451,5.339826,112.6735,23.14507,-8.715412E-03,9.638247,19.71094,5.781147E-03,0.8288497,4.708737,95.12185,9.595788,20.19922,
23651.34,5.080064E-03,0.5734992,3.584357,85.32275,23.11773,1.113636E-02,9.638247,19.71094,5.629099E-03,0.8291759,4.714188,95.08337,9.595788,20.19922,
23651.66,6.140838E-03,0.5548468,3.370591,80.49946,23.13519,-7.166005E-03,9.638247,19.71094,6.179274E-03,0.8296851,4.714596,95.1479,9.595788,20.19922,
23651.96,6.561896E-03,0.605264,3.502009,81.01272,23.13262,2.130434E-03,9.638247,19.71094,5.663109E-03,0.8286723,4.702751,94.94482,9.595788,20.19922,
23652.26,7.071502E-03,0.6856583,3.704023,81.66424,23.1108,-3.147232E-02,9.638247,19.71094,6.515382E-03,0.8284836,4.70062,94.83056,9.595788,20.19922,
23652.55,7.718448E-03,0.6999263,3.720266,80.94965,23.14996,-3.161758E-02,9.638247,19.71094,5.76114E-03,0.8267728,4.693561,94.74827,9.595788,20.19922,
23652.85,5.627619E-03,0.5328772,3.269569,78.21223,23.12046,-1.408992E-02,9.638247,19.71094,5.891182E-03,0.827591,4.696254,94.76366,9.595788,20.19922,
23653.14,5.920371E-03,0.5078351,3.157658,76.76404,23.13642,9.683791E-05,9.638247,19.71094,5.901185E-03,0.8272305,4.694672,94.65709,9.595788,20.19922,
23653.42,5.696289E-03,0.5063805,3.12955,76.57912,23.07185,1.597825E-02,9.638247,19.71094,6.185276E-03,0.8270589,4.691813,94.68255,9.595788,20.19922,
23653.71,5.378237E-03,0.5177732,3.135397,75.56988,23.09607,-1.772134E-02,9.638247,19.71094,5.829162E-03,0.8279228,4.695335,94.72813,9.595788,20.19922,
23654.02,5.914949E-03,0.583879,3.344756,77.63935,23.09716,-1.588142E-02,9.638247,19.71094,6.407347E-03,0.8281689,4.698399,94.6938,9.595788,20.19922,
23654.32,6.867297E-03,0.6106476,3.426864,78.73241,23.16669,-1.694663E-02,9.638247,19.71094,5.751138E-03,0.829811,4.699164,94.72636,9.595788,20.19922,
23654.62,5.95832E-03,0.5719018,3.338499,78.2779,23.13683,4.502963E-03,9.595788,19.71094,5.935196E-03,0.8299311,4.703224,94.82405,9.595788,20.19922,
23654.91,6.348656E-03,0.5758443,3.310786,76.50308,23.1526,-2.212746E-02,9.638247,19.71094,6.307315E-03,0.8301028,4.70247,94.84892,9.595788,20.19922,
23655.22,6.243844E-03,0.5958834,3.331521,75.90514,23.1103,-1.084585E-02,9.638247,19.71094,5.823161E-03,0.8299369,4.703645,94.73997,9.595788,20.19922,
23655.52,6.65948E-03,0.6415492,3.511938,78.66933,23.12563,8.473317E-03,9.595788,19.71094,6.271304E-03,0.8307779,4.709108,94.72636,9.595788,20.19922,
23655.82,7.313654E-03,0.6462598,3.566983,80.85546,23.12251,9.538534E-03,9.638247,19.71094,6.389341E-03,0.8312071,4.710576,94.81043,9.595788,20.19922,
23656.11,6.019762E-03,0.5964068,3.368232,77.09152,23.11767,-1.079743E-02,9.638247,19.71094,6.481371E-03,0.8316076,4.712605,94.81458,9.595788,20.19922,
23656.43,6.572738E-03,0.5962981,3.339205,76.00623,23.09993,-4.551382E-03,9.638247,19.71094,5.60309E-03,0.8324315,4.714035,94.85128,9.595788,20.19922,
23656.73,6.209509E-03,0.5920904,3.339092,76.32594,23.13933,-2.735671E-02,9.638247,19.71094,5.983212E-03,0.8344169,4.721846,94.87674,9.595788,20.19922,
23657.02,6.332392E-03,0.6031024,3.391255,77.55985,23.13176,-1.539723E-02,9.638247,19.71094,6.343327E-03,0.836162,4.732364,95.09165,9.595788,20.19922,
23657.32,6.15891E-03,0.5904726,3.332411,76.17387,23.16025,-2.309584E-02,9.638247,19.71094,6.339326E-03,0.8363394,4.734737,95.22427,9.595788,20.19922,
23657.63,5.896878E-03,0.5641798,3.2644,75.9976,23.11382,-8.376479E-03,9.638247,19.71094,6.097248E-03,0.8364767,4.735171,95.15145,9.595788,20.19922,
23657.9,6.343235E-03,0.5575047,3.235288,75.30029,23.1106,7.747033E-04,9.595788,19.71094,6.143263E-03,0.8364596,4.737073,95.15441,9.595788,20.19922,
23658.2,6.775135E-03,0.5587894,3.252846,75.81786,23.12351,1.743082E-03,9.595788,19.71094,7.295631E-03,0.8371576,4.737775,95.28052,9.595788,20.19922,
23658.51,6.124575E-03,0.5656753,3.26625,76.22226,23.13661,-2.420948E-03,9.638247,19.71094,5.425033E-03,0.8374265,4.735491,95.00877,9.595788,20.19922,
23658.81,6.272758E-03,0.55172,3.215881,75.21042,23.0679,-3.031027E-02,9.638247,19.71094,6.233292E-03,0.8369745,4.736155,95.08099,9.595788,20.19922,
23659.11,5.956513E-03,0.535066,3.163449,74.52348,23.08637,-3.311856E-02,9.638247,19.71094,6.055234E-03,0.8385651,4.744744,95.18579,9.595788,20.19922,
23659.4,5.62039E-03,0.519255,3.147192,75.4057,23.03376,-1.036166E-02,9.638247,19.71094,6.373336E-03,0.8390915,4.74537,95.14375,9.595788,20.19922,
23659.69,5.30776E-03,0.5062445,3.07288,73.7337,23.09228,-1.815711E-02,9.638247,19.71094,5.75714E-03,0.8399383,4.746761,95.16743,9.595788,20.19922,
23659.99,5.600512E-03,0.5012076,3.059688,73.44683,23.10809,1.142687E-02,9.638247,19.71094,5.995215E-03,0.8404704,4.751343,95.10645,9.595788,20.19922,
23660.28,5.511963E-03,0.5101395,3.084321,73.87887,23.11964,1.854446E-02,9.638247,19.71094,6.089245E-03,0.8407565,4.749557,95.18283,9.595788,20.19922,
23660.58,5.728817E-03,0.5135451,3.105142,74.60556,23.10361,1.936758E-03,9.595788,19.71094,6.247296E-03,0.8414088,4.752926,95.1698,9.595788,20.19922,
23660.87,4.724063E-03,0.4927175,3.056354,74.6142,23.08927,-5.955531E-03,9.638247,19.71094,6.013221E-03,0.8410998,4.755377,95.11593,9.595788,20.19922,
23661.18,5.466786E-03,0.4834389,3.038303,75.07648,23.10604,-1.375098E-02,9.638247,19.71094,5.975209E-03,0.8417178,4.75599,95.14079,9.595788,20.19922,
23661.48,4.673463E-03,0.4509671,2.918538,73.10897,23.09818,-6.00395E-03,9.638247,19.71094,5.809156E-03,0.8435887,4.756666,95.1852,9.595788,20.19922,
23661.79,4.447574E-03,0.4333411,2.858479,72.49807,23.1555,-6.052369E-03,9.595788,19.71094,6.60341E-03,0.8431653,4.759678,95.23611,9.595788,20.19922,
23662.1,4.523473E-03,0.4295481,2.823279,71.34884,23.12078,8.182803E-03,9.638247,19.71094,6.289309E-03,0.843543,4.762716,95.21302,9.595788,20.19922,
23662.38,5.557141E-03,0.4466575,2.909936,73.56866,23.10888,2.319268E-02,9.638247,19.71094,5.913189E-03,0.8438748,4.763967,95.18046,9.595788,20.19922,
23662.69,5.034886E-03,0.4504573,2.903368,72.71149,23.16958,-1.118478E-02,9.638247,19.71094,6.00922E-03,0.8442296,4.763112,95.23611,9.595788,20.19922,
23662.99,4.865017E-03,0.4380178,2.866261,72.35895,23.15605,-8.037547E-03,9.638247,19.71094,0.0062593,0.845494,4.766405,95.17395,9.595788,20.19922,
23663.29,4.837911E-03,0.4354008,2.846303,71.96493,23.15848,-1.888339E-03,9.638247,19.71094,5.785148E-03,0.8456428,4.764758,95.16447,9.595788,20.19922,
23663.58,5.143313E-03,0.4405057,2.860936,71.80853,23.14402,9.24802E-03,9.638247,19.71094,6.405347E-03,0.8458259,4.769596,95.15974,9.595788,20.19922,
23663.89,4.722255E-03,0.4375828,2.860583,71.97271,23.11829,-2.290217E-02,9.638247,19.71094,5.735132E-03,0.846072,4.768728,94.99574,9.595788,20.19922,
23664.19,4.474681E-03,0.4376236,2.843153,71.62794,23.14317,2.130434E-03,9.638247,19.71094,5.971208E-03,0.8459175,4.765843,95.00758,9.595788,20.19922,
23664.49,4.214457E-03,0.4031669,2.752782,71.05678,23.11799,-1.597825E-02,9.638247,19.71094,6.567398E-03,0.8471819,4.774063,94.98804,9.595788,20.19922,
23664.8,4.091573E-03,0.3477196,2.563084,69.97236,23.13842,-2.135276E-02,9.638247,19.71094,6.405347E-03,0.8482805,4.780994,95.1698,9.595788,20.19922,
23665.08,3.314515E-03,0.3107615,2.41514,67.98151,23.11378,7.698614E-03,9.638247,19.71094,6.263301E-03,0.8486009,4.783317,95.17928,9.595788,20.19922,
23665.39,3.16091E-03,0.2777731,2.282733,67.01893,23.18124,6.391302E-02,9.595788,19.71094,6.179274E-03,0.850449,4.786061,95.17395,9.595788,20.19922,
23665.69,2.582635E-03,0.247898,2.161401,65.54049,23.17395,5.355136E-02,9.638247,19.71094,5.991214E-03,0.8497395,4.790018,95.17395,9.595788,20.19922,
23665.99,3.144647E-03,0.2241067,2.060295,65.28472,23.10524,5.151777E-02,9.638247,19.71094,6.16527E-03,0.8510212,4.79058,95.22131,9.595788,20.19922,
23666.3,3.072362E-03,0.2035374,1.978017,64.53815,23.12873,6.318673E-02,9.638247,19.71094,6.003218E-03,0.8501114,4.781747,94.95608,9.595788,20.19922,
23666.59,2.879001E-03,0.1717658,1.834381,63.47966,23.126,9.068871E-02,9.638247,19.71094,6.143263E-03,0.8500199,4.782832,94.82464,9.595788,20.19922,
23666.87,2.260969E-03,0.1350932,1.640955,61.33587,23.16887,8.294167E-02,9.638247,19.71094,6.44736E-03,0.8501171,4.783968,94.90871,9.595788,20.19922,
23667.16,1.848947E-03,0.1134907,1.492333,59.66301,23.13197,0.1188201,9.638247,19.71094,6.279306E-03,0.8515075,4.790426,94.93713,9.595788,20.19922,
23667.46,1.944724E-03,8.692599E-02,1.301788,57.00164,23.09825,0.141577,9.638247,19.71094,5.837165E-03,0.8532926,4.795073,95.00403,9.595788,20.19922,
23667.75,1.198387E-03,7.571009E-02,1.208366,55.88266,23.11984,0.1228389,9.638247,19.71094,6.32132E-03,0.8534529,4.795238,94.96555,9.595788,20.19922,
23668.04,1.968216E-03,6.320945E-02,1.139154,54.80688,23.1402,0.1154792,9.638247,19.71094,6.107251E-03,0.8529379,4.797038,94.99041,9.595788,20.19922,
23668.34,9.32741E-04,4.556309E-02,0.9743307,52.47127,23.17881,0.1507282,9.638247,19.71094,6.731451E-03,0.8540193,4.79931,95.07271,9.595788,20.19922,
23668.63,6.779382E-04,3.200884E-02,0.8164285,49.77706,23.1171,0.1768744,9.638247,19.71094,5.943199E-03,0.8542081,4.798863,95.04725,9.595788,20.19922,
23668.92,8.67685E-04,2.967729E-02,0.7773167,49.2612,23.15724,0.211494,9.595788,19.71094,6.645423E-03,0.8561592,4.811219,95.17276,9.595788,20.19922,
23669.22,1.202001E-03,3.022109E-02,0.7706639,49.09444,23.14853,0.1768744,9.638247,19.71094,6.191278E-03,0.8548318,4.800778,95.14139,9.595788,20.19922,
23669.51,1.512824E-03,3.279735E-02,0.794196,50.63769,23.12451,0.1791017,9.638247,19.71094,5.909188E-03,0.8545972,4.792647,95.03127,9.595788,20.19922,
23669.8,1.18393E-03,0.0307309,0.7858058,50.92456,23.12818,0.1686916,9.638247,19.71094,6.145264E-03,0.8541795,4.795851,95.01173,9.595788,20.19922,
23670.08,1.091767E-03,3.252545E-02,0.8062727,52.41164,23.10607,0.1931916,9.638247,19.71094,6.095247E-03,0.8548604,4.795647,95.01469,9.595788,20.19922,
23670.37,1.34657E-03,2.997638E-02,0.8279403,53.42089,23.12046,0.1857835,9.638247,19.71094,5.549073E-03,0.8545858,4.795672,95.07981,9.595788,20.19922,
23670.68,8.749134E-04,2.766522E-02,0.7687288,53.42867,23.15734,0.2223398,9.638247,19.71094,5.957203E-03,0.8556328,4.79783,94.9839,9.595788,20.19922,
23670.96,1.241757E-03,1.877407E-02,0.6470428,50.40784,23.13363,0.2162391,9.638247,19.71094,5.373016E-03,0.8547803,4.791141,94.83885,9.595788,20.19922,
23671.25,1.487524E-03,0.0134856,0.5541576,48.30467,23.11436,0.2773922,9.638247,19.71094,5.689118E-03,0.8529437,4.785704,94.71333,9.595788,20.19922,
23671.54,1.270671E-03,1.312533E-02,0.4430229,45.84636,23.13521,0.3039258,9.638247,19.71094,6.989533E-03,0.8522971,4.781773,94.60796,9.595788,20.19922,
23671.84,1.162244E-03,7.796074E-03,0.3665932,43.97562,23.13942,0.3236323,9.638247,19.71094,5.475049E-03,0.8536016,4.790235,94.69261,9.595788,20.19922,
23672.15,1.686307E-03,6.27343E-03,0.343047,42.64062,23.16924,0.3304594,9.638247,19.71094,6.03923E-03,0.8558045,4.800791,94.96732,9.595788,20.19922,
23672.44,1.288742E-03,8.156343E-03,0.3032148,42.19389,23.12382,0.3437746,9.595788,19.71094,6.529386E-03,0.855341,4.797064,94.85188,9.595788,20.19922,
23672.74,9.815331E-04,5.104257E-03,0.2683404,40.33871,23.13792,0.3747627,9.638247,19.71094,6.537389E-03,0.8567142,4.800753,94.89568,9.595788,20.19922,
23673.05,9.815331E-04,4.968307E-03,0.2279715,39.12294,23.17796,0.3971807,9.638247,19.71094,7.191597E-03,0.8580703,4.81164,95.06027,9.595788,20.19922,
23673.35,1.342956E-03,5.648058E-03,0.1874896,37.97372,23.15115,0.4374169,9.638247,19.71094,6.273304E-03,0.8585109,4.817729,95.16684,9.595788,20.19922,
23673.66,8.875632E-04,5.267398E-03,0.1568527,37.31788,23.16329,0.4655967,9.638247,19.71094,6.869495E-03,0.8602674,4.822591,95.26216,9.595788,20.19922,
23673.95,1.164051E-03,3.969071E-03,0.145581,37.22456,23.16422,0.5155166,9.638247,19.71094,6.63342E-03,0.8612057,4.825514,95.25684,9.595788,20.19922,
23674.25,1.216458E-03,3.031014E-03,0.1414424,36.95756,23.16539,0.4922755,9.638247,19.71094,6.141262E-03,0.8609139,4.830097,95.3634,9.595788,20.19922,
23674.54,1.332113E-03,3.500042E-03,0.1357783,36.81585,23.20822,0.5067528,9.638247,19.71094,6.551393E-03,0.8615834,4.832637,95.4155,9.595788,20.19922,
23674.82,1.500174E-03,9.91758E-04,0.1274305,36.54885,23.16756,0.5305749,9.595788,19.71094,6.60341E-03,0.8613373,4.833096,95.42439,9.595788,20.19922,
23675.13,9.544264E-04,2.901861E-03,0.1216958,36.24123,23.18165,0.5123209,9.638247,19.71094,5.871176E-03,0.8619381,4.831373,95.41195,9.595788,20.19922,
23675.43,9.32741E-04,5.321777E-03,0.1104807,35.86018,23.19713,0.5282508,9.638247,19.71094,6.743454E-03,0.8620811,4.836274,95.43267,9.595788,20.19922,
23675.72,1.724256E-03,4.580848E-03,9.833325E-02,35.32099,23.16528,0.5434543,9.638247,19.71094,6.331323E-03,0.8626476,4.834207,95.41609,9.595788,20.19922,
23676.02,8.351569E-04,5.838389E-03,9.220304E-02,35.07473,23.16061,0.5725057,9.638247,19.71094,6.433356E-03,0.8643641,4.841507,95.51556,9.595788,20.19922,
23676.33,1.174894E-03,5.892769E-03,8.717458E-02,34.62454,23.19073,0.5703753,9.638247,19.71094,6.017223E-03,0.865045,4.8484,95.61443,9.595788,20.19922,
23676.63,1.279707E-03,5.716034E-03,7.776741E-02,34.04388,23.22685,0.5987488,9.638247,19.71094,6.237293E-03,0.8649019,4.848094,95.60614,9.595788,20.19922,
23676.93,8.640707E-04,3.42527E-03,7.295082E-02,33.64813,23.16883,0.5868377,9.638247,19.71094,6.453362E-03,0.8657029,4.850914,95.70501,9.595788,20.19922,
23677.22,9.020201E-04,4.41091E-03,7.381244E-02,33.78292,23.20001,0.6254761,9.638247,19.71094,6.203282E-03,0.8659146,4.855229,95.79737,9.595788,20.19922,
23677.51,7.737151E-04,4.376922E-03,6.532338E-02,33.30077,23.18812,0.6050432,9.638247,19.71094,6.593407E-03,0.8669274,4.855344,95.75119,9.595788,20.19922,
23677.81,1.014061E-03,1.712295E-03,5.850106E-02,32.65789,23.18115,0.6445531,9.638247,19.71094,6.72745E-03,0.8672478,4.854603,95.65291,9.595788,20.19922,
23678.12,1.467646E-03,5.267398E-03,5.457434E-02,32.49199,23.19625,0.6533654,9.638247,19.71094,6.329322E-03,0.864736,4.842184,95.5126,9.595788,20.19922,
23678.4,9.092485E-04,2.262894E-03,5.263923E-02,32.19215,23.18187,0.710306,9.638247,19.71094,6.481371E-03,0.865783,4.846026,95.36755,9.595788,20.19922,
23678.71,1.243564E-03,4.988699E-03,5.505458E-02,32.26905,23.16466,0.6844988,9.638247,19.71094,6.16527E-03,0.865886,4.848221,95.40603,9.595788,20.19922,
23679.01,1.261635E-03,4.526468E-03,0.0491645,31.82665,23.1755,0.6868713,9.638247,19.71094,5.60309E-03,0.8666527,4.851131,95.52917,9.595788,20.19922,
23679.3,1.165858E-03,3.853513E-03,4.858539E-02,31.51212,23.14295,0.7057547,9.638247,19.71094,6.383339E-03,0.8675968,4.855292,95.55878,9.595788,20.19922,
23679.6,7.899791E-04,2.62996E-03,0.0433168,31.15266,23.193,0.7048832,9.638247,19.71094,6.537389E-03,0.8671677,4.858573,95.68251,9.595788,20.19922,
23679.89,9.941828E-04,1.195684E-03,0.0407037,30.75864,23.13261,0.7115166,9.638247,19.71094,6.079242E-03,0.8680145,4.860641,95.66889,9.595788,20.19922,
23680.19,1.138752E-03,2.358059E-03,3.914996E-02,30.72667,23.11685,0.7261391,9.638247,19.71094,5.777146E-03,0.8685294,4.864955,95.71034,9.595788,20.19922,
23680.48,1.23995E-03,1.379217E-03,3.447462E-02,30.21168,23.16029,0.7659394,9.638247,19.71094,6.253298E-03,0.8711213,4.877514,96.0407,9.595788,20.19922,
23680.78,1.135138E-03,3.581613E-03,3.234176E-02,29.53942,23.16963,0.7704908,9.638247,19.71094,6.41535E-03,0.8711042,4.879314,96.06793,9.595788,20.19922,
23681.09,3.671148E-04,3.024216E-03,3.036427E-02,29.78914,23.14267,0.7748485,9.638247,19.71094,6.653426E-03,0.8713788,4.884905,96.1372,9.595788,20.19922,
23681.39,9.255126E-04,5.077067E-03,0.0278783,29.69496,23.158,0.7620175,9.638247,19.71094,6.471368E-03,0.8710584,4.884305,96.09339,9.595788,20.19922,
23681.68,1.062853E-03,3.153369E-03,2.845742E-02,30.08207,23.11408,0.7939256,9.638247,19.71094,6.079242E-03,0.8724259,4.892653,96.20588,9.595788,20.19922,
23681.97,8.387712E-04,5.117852E-03,2.616918E-02,29.55498,23.15233,0.8183772,9.638247,19.71094,6.523384E-03,0.8742969,4.900362,96.37283,9.595788,20.19922,
23682.25,1.431504E-03,3.683575E-03,2.859866E-02,29.76409,23.12064,0.8131964,9.638247,19.71094,6.41535E-03,0.8758532,4.907586,96.43678,9.595788,20.19922,
23682.56,1.263443E-03,5.104257E-03,2.922016E-02,29.8384,23.14208,0.8102912,9.595788,19.71094,6.099249E-03,0.8765512,4.910394,96.52558,9.595788,20.19922,
23682.85,1.046589E-03,5.043079E-03,2.837267E-02,30.2255,23.15567,0.8119859,9.638247,19.71094,6.551393E-03,0.8766027,4.912079,96.52322,9.595788,20.19922,
23683.13,1.386326E-03,4.859546E-03,2.510982E-02,29.50918,23.12245,0.8288357,9.638247,19.71094,6.881499E-03,0.8769975,4.910994,96.44092,9.595788,20.19922,
23683.43,1.361027E-03,3.989464E-03,2.395158E-02,29.36834,23.10166,0.8369216,9.638247,19.71094,6.347328E-03,0.8770604,4.911964,96.51078,9.595788,20.19922,
23683.72,1.042975E-03,2.385249E-03,2.503919E-02,29.682,23.16604,0.7952329,9.638247,19.71094,6.397344E-03,0.8762251,4.91139,96.66057,9.595788,20.19922,
23684.02,1.348377E-03,1.345229E-03,2.633868E-02,29.87382,23.16364,0.8026894,9.638247,19.71094,6.099249E-03,0.8770661,4.913011,96.57472,9.595788,20.19922,
23684.33,1.326691E-03,1.746283E-03,2.816079E-02,29.90493,23.18627,0.81339,9.638247,19.71094,7.033547E-03,0.8771691,4.915028,96.57354,9.595788,20.19922,
23684.61,1.330306E-03,1.902626E-03,2.561831E-02,29.80902,23.17043,0.8149878,9.638247,19.71094,6.379338E-03,0.8776841,4.918155,96.65583,9.595788,20.19922,
23684.9,7.863649E-04,1.75308E-03,2.786417E-02,30.03541,23.12715,0.7874374,9.638247,19.71094,6.055234E-03,0.8779016,4.91818,96.70675,9.595788,20.19922,
23685.2,8.767205E-04,1.957006E-03,0.0269743,29.76841,23.13602,0.8323702,9.638247,19.71094,6.07124E-03,0.8781418,4.916674,96.65228,9.595788,20.19922,
23685.49,8.785276E-04,5.049877E-03,2.727092E-02,29.28798,23.13545,0.8297556,9.638247,19.71094,6.091246E-03,0.8784909,4.918997,96.72451,9.595788,20.19922,
23685.79,1.113452E-03,4.540063E-03,0.0245872,29.14713,23.13691,0.8458307,9.638247,19.71094,6.201281E-03,0.8787197,4.928009,96.96725,9.595788,20.19922,
23686.08,1.281514E-03,4.900332E-03,2.337245E-02,29.03826,23.14784,0.8584197,9.638247,19.71094,6.585404E-03,0.8790973,4.927894,96.94357,9.595788,20.19922,
23686.38,1.185737E-03,3.697171E-03,2.225659E-02,28.65374,23.14972,0.8651983,9.638247,19.71094,6.985532E-03,0.8796809,4.930127,96.98797,9.595788,20.19922,
23686.67,1.393555E-03,4.648823E-03,1.986948E-02,28.71336,23.15907,0.8455402,9.638247,19.71094,6.179274E-03,0.8803561,4.932348,97.0004,9.595788,20.19922,
23687.37,1.109838E-03,5.36936E-03,2.275096E-02,28.67016,23.14672,0.8400204,9.638247,19.71094,7.099568E-03,0.8805621,4.935271,97.08447,9.595788,20.19922,
23687.68,6.183035E-04,5.294587E-03,0.0209571,28.77299,23.16144,0.8421025,9.638247,19.71094,5.845168E-03,0.881529,4.938028,97.20584,9.595788,20.19922,
23687.98,1.191158E-03,4.689608E-03,2.006723E-02,28.9674,23.12748,0.8494137,9.638247,19.71094,6.369335E-03,0.8812888,4.942929,97.23959,9.595788,20.19922,
23688.27,9.544264E-04,3.948679E-03,0.0206181,28.86717,23.15373,0.8651983,9.638247,19.71094,6.677433E-03,0.8829595,4.945584,97.29228,9.595788,20.19922,
23688.56,4.628918E-04,4.920724E-03,1.900786E-02,28.64337,23.117,0.8939592,9.638247,19.71094,6.599409E-03,0.883463,4.947818,97.36095,9.595788,20.19922,
23688.86,1.281514E-03,4.254567E-03,1.912086E-02,28.76089,23.12158,0.8654404,9.638247,19.71094,6.365334E-03,0.8827478,4.948788,97.37221,9.595788,20.19922,
23689.17,1.192965E-03,2.011386E-03,1.886662E-02,28.6572,23.17234,0.8822418,9.638247,19.71094,6.555394E-03,0.8849506,4.955923,97.50719,9.595788,20.19922,
23689.45,8.749134E-04,2.57558E-03,1.739763E-02,28.41266,23.14497,0.8986558,9.638247,19.71094,6.601409E-03,0.8824273,4.934097,97.17091,9.595788,20.19922,
23689.76,1.055625E-03,3.554423E-03,1.797675E-02,27.95988,23.16405,0.8896499,9.638247,19.71094,6.721448E-03,0.8805506,4.92229,96.82516,9.595788,20.19922,
23690.06,1.070081E-03,4.628431E-03,1.509527E-02,27.94865,23.17093,0.8974453,9.638247,19.71094,6.76146E-03,0.883051,4.947958,97.18512,9.595788,20.19922,
23690.36,1.050203E-03,3.622398E-03,1.807562E-02,27.79225,23.17956,0.891054,9.595788,19.71094,6.827482E-03,0.8847332,4.958756,97.45509,9.595788,20.19922,
23690.65,8.441925E-04,1.331634E-03,1.518002E-02,27.46736,23.15905,0.8891657,9.638247,19.71094,6.101249E-03,0.8853626,4.961922,97.6629,9.595788,20.19922,
23690.94,9.580406E-04,3.833121E-03,0.0147139,27.53649,23.18229,0.9130362,9.638247,19.71094,6.211285E-03,0.8855113,4.965777,97.70257,9.595788,20.19922,
23691.24,1.192965E-03,5.111055E-03,1.587214E-02,27.39478,23.20292,0.8697497,9.638247,19.71094,6.657427E-03,0.8859519,4.96884,97.69843,9.595788,20.19922,
23691.53,1.021289E-03,3.928286E-03,1.650776E-02,27.46477,23.20889,0.9091627,9.638247,19.71094,6.327322E-03,0.8865699,4.968266,97.75645,9.595788,20.19922,
23691.83,1.236336E-03,4.207664E-04,1.577326E-02,27.35676,23.17275,0.911051,9.638247,19.71094,6.07324E-03,0.886175,4.968853,97.82157,9.595788,20.19922,
23692.12,8.134716E-04,3.568018E-03,1.399353E-02,27.41897,23.16464,0.9287724,9.638247,19.71094,6.681435E-03,0.8859633,4.969351,97.83814,9.595788,20.19922,
23692.43,1.131523E-03,2.120146E-03,1.423365E-02,27.50019,23.15947,0.902142,9.638247,19.71094,6.171272E-03,0.8875712,4.974775,97.9163,9.595788,20.19922,
23692.73,1.010447E-03,5.994732E-03,1.382403E-02,27.13814,23.20184,0.9202507,9.638247,19.71094,6.309316E-03,0.8883893,4.977711,97.9163,9.595788,20.19922,
23693.03,1.138752E-03,2.344464E-03,1.324491E-02,26.92904,23.18664,0.9688148,9.638247,19.71094,6.095247E-03,0.8875654,4.978209,98.00806,9.595788,20.19922,
23693.35,1.40259E-03,6.24692E-04,0.0110273,26.67759,23.17885,1.00634,9.638247,19.71094,6.307315E-03,0.8883779,4.983149,98.14719,9.595788,20.19922,
23693.63,8.947916E-04,1.542357E-03,1.280704E-02,26.60501,23.17045,1.002418,9.638247,19.71094,6.339326E-03,0.8896195,4.992083,98.17146,9.595788,20.19922,
23693.94,8.062432E-04,2.194919E-03,1.008093E-02,26.22308,23.1888,0.9943317,9.638247,19.71094,6.503378E-03,0.8909526,4.999793,98.38697,9.595788,20.19922,
23694.24,9.056343E-04,4.35653E-03,1.073068E-02,26.23172,23.18216,1.009487,9.638247,19.71094,6.241294E-03,0.8915763,5.003417,98.44913,9.595788,20.19922,
23694.54,1.576073E-03,5.464525E-03,9.741937E-03,26.41145,23.12545,0.9964136,9.638247,19.71094,6.337325E-03,0.8916278,5.007719,98.62083,9.595788,20.19922,
23694.85,1.57788E-03,3.527232E-03,9.643062E-03,26.44169,23.09994,1.020914,9.595788,19.71094,5.82116E-03,0.8926234,5.008868,98.62734,9.595788,20.19922,
23695.14,9.544264E-04,2.011386E-03,0.0113663,26.73894,23.13287,1.014813,9.638247,19.71094,6.993535E-03,0.8927264,5.006762,98.60958,9.595788,20.19922,
23695.42,1.464032E-03,2.460022E-03,9.713687E-03,26.59636,23.14638,0.9990767,9.595788,19.71094,6.51138E-03,0.8921885,5.009442,98.66049,9.595788,20.19922,
23695.71,8.261214E-04,4.118617E-03,9.148691E-03,26.40108,23.15217,1.04096,9.638247,19.71094,6.145264E-03,0.8924174,5.008932,98.71378,9.595788,20.19922,
23696.01,0.0012273,5.09746E-03,1.259516E-02,26.46848,23.16646,1.009487,9.638247,19.71094,6.351329E-03,0.8930238,5.012225,98.69839,9.595788,20.19922,
23696.3,8.279285E-04,1.596737E-03,1.016568E-02,26.36652,23.15444,1.043816,9.638247,19.71094,6.993535E-03,0.8931097,5.014522,98.84107,9.595788,20.19922,
23696.61,1.442347E-03,7.266548E-04,1.121092E-02,26.3501,23.19187,1.048223,9.595788,19.71094,7.207603E-03,0.8937905,5.016628,98.95889,9.595788,20.19922,
23696.89,1.64655E-03,5.308182E-03,9.996184E-03,26.28616,23.20673,1.035779,9.638247,19.71094,6.445359E-03,0.8942311,5.01936,98.99145,9.595788,20.19922,
23697.2,1.971831E-03,1.134506E-03,8.061075E-03,26.22654,23.15631,1.023819,9.638247,19.71094,6.391342E-03,0.8939851,5.021823,99.07315,9.595788,20.19922,
23697.5,1.082731E-03,2.038576E-03,9.770187E-03,26.07878,23.20433,1.037183,9.638247,19.71094,6.587405E-03,0.8948548,5.027439,99.17498,9.595788,20.19922,
23697.8,8.965987E-04,2.704733E-03,7.510204E-03,25.94831,23.18932,1.065266,9.638247,19.71094,6.397344E-03,0.8959305,5.028448,99.23774,9.595788,20.19922,
23698.09,1.274285E-03,2.194919E-03,9.756061E-03,25.79968,23.17357,1.060908,9.638247,19.71094,6.395343E-03,0.8948834,5.029443,99.19511,9.595788,20.19922,
23698.38,1.23995E-03,2.718328E-03,9.134566E-03,25.62427,23.18624,1.07495,9.638247,19.71094,6.405347E-03,0.8962623,5.029099,99.15544,9.595788,20.19922,
23698.67,1.344763E-03,2.222109E-03,6.888709E-03,25.79795,23.15783,1.080179,9.638247,19.71094,6.537389E-03,0.8957531,5.034753,99.31411,9.595788,20.19922,
23698.97,9.598477E-04,1.399609E-03,6.620336E-03,25.56638,23.19334,1.094511,9.638247,19.71094,6.241294E-03,0.8960392,5.036603,99.40469,9.595788,20.19922,
23699.27,1.268864E-03,4.077832E-03,7.976325E-03,25.28037,23.22957,1.091122,9.638247,19.71094,6.653426E-03,0.8968173,5.037293,99.45916,9.595788,20.19922,
23699.56,1.155016E-03,4.601241E-03,8.159949E-03,25.01596,23.15549,1.134021,9.638247,19.71094,6.643422E-03,0.8969604,5.041837,99.52251,9.595788,20.19922,
23699.86,0.0012273,4.628431E-03,6.916958E-03,24.72563,23.15479,1.158763,9.638247,19.71094,6.831483E-03,0.8973609,5.042781,99.62967,9.595788,20.19922,
23700.17,1.736906E-03,4.444898E-03,7.425454E-03,24.647,23.16068,1.164864,9.638247,19.71094,6.817478E-03,0.8981333,5.04476,99.64388,9.595788,20.19922,
23700.46,1.117066E-03,9.713654E-04,7.764452E-03,24.7818,23.15489,1.148547,9.638247,19.71094,6.293311E-03,0.8982134,5.045551,99.72381,9.595788,20.19922,
23700.76,1.147787E-03,2.833886E-03,5.207847E-03,24.35235,23.13663,1.180406,9.638247,19.71094,6.501377E-03,0.8986712,5.049469,99.75341,9.595788,20.19922,
23701.05,1.122488E-03,1.827853E-03,9.459439E-03,24.39037,23.15816,1.152275,9.638247,19.71094,6.847488E-03,0.8982763,5.049304,99.87892,9.595788,20.19922,
23701.33,1.445961E-03,2.296882E-03,7.524329E-03,24.27976,23.14328,1.187718,9.638247,19.71094,6.883499E-03,0.8988657,5.054575,99.97898,9.595788,20.19922,
23701.62,8.911774E-04,1.814258E-03,4.459228E-03,23.85809,23.16953,1.2143,9.638247,19.71094,7.10557E-03,0.8992776,5.056771,99.94937,9.595788,20.19922,
23701.93,1.053818E-03,5.308182E-03,7.679703E-03,23.80625,23.18412,1.194787,9.638247,19.71094,6.63542E-03,0.9004792,5.061225,100.0707,9.595788,20.19922,
23702.23,1.41524E-03,3.343699E-03,3.682359E-03,23.66454,23.21027,1.232021,9.638247,19.71094,6.465366E-03,0.9011257,5.066267,100.1862,9.595788,20.19922,
23702.53,1.026711E-03,4.743989E-03,4.953599E-03,23.52369,23.20657,1.228583,9.595788,19.71094,6.235292E-03,0.9008854,5.066522,100.169,9.595788,20.19922,
23702.82,1.149594E-03,4.186592E-03,4.713476E-03,23.31372,23.19566,1.236718,9.638247,19.71094,6.365334E-03,0.9010456,5.068092,100.352,9.595788,20.19922,
23703.12,1.221879E-03,5.430538E-03,5.546844E-03,23.21349,23.16865,1.236718,9.638247,19.71094,5.879178E-03,0.9021041,5.067799,100.3531,9.595788,20.19922,
23703.41,1.442347E-03,1.963803E-03,6.676835E-03,23.17028,23.1464,1.242286,9.638247,19.71094,6.673432E-03,0.9014748,5.069534,100.2815,9.595788,20.19922,
23703.69,1.279707E-03,2.677543E-03,4.897099E-03,23.16251,23.18708,1.219384,9.638247,19.71094,0.0068855,0.9024074,5.072636,100.4485,9.595788,20.19922,
23704.01,1.417047E-03,5.389753E-03,5.786967E-03,22.86181,23.12094,1.252066,9.638247,19.71094,6.787469E-03,0.9029281,5.077372,100.5118,9.595788,20.19922,
23704.3,1.014061E-03,4.472088E-03,6.705085E-03,22.97327,23.19112,1.257877,9.638247,19.71094,6.619415E-03,0.9021385,5.078316,100.5272,9.595788,20.19922,
23704.6,7.954005E-04,3.126179E-03,5.024223E-03,22.57839,23.1846,1.267464,9.638247,19.71094,7.047552E-03,0.9030825,5.078086,100.6042,9.595788,20.19922,
23704.91,1.061046E-03,1.542357E-03,3.498735E-03,22.58789,23.16665,1.318497,9.638247,19.71094,7.013541E-03,0.902682,5.083052,100.7202,9.595788,20.19922,
23705.19,1.418854E-03,5.240208E-03,3.894232E-03,22.51358,23.1844,1.338881,9.638247,19.71094,6.419351E-03,0.9030654,5.085655,100.7415,9.595788,20.19922,
23705.51,1.055625E-03,3.758348E-03,4.09198E-03,22.33817,23.19205,1.350744,9.595788,19.71094,6.673432E-03,0.9035574,5.085285,100.7818,9.595788,20.19922,
23705.8,5.94811E-04,1.739485E-03,4.063731E-03,22.27337,23.18337,1.336315,9.638247,19.71094,6.205283E-03,0.9049192,5.087698,100.8505,9.595788,20.19922,
23706.1,1.612215E-03,2.555187E-03,5.377346E-03,22.10747,23.18223,1.327503,9.638247,19.71094,6.63342E-03,0.9040724,5.090544,101.0109,9.595788,20.19922,
23706.39,4.267496E-04,1.78027E-03,5.094848E-03,22.19214,23.15524,1.348614,9.638247,19.71094,6.861492E-03,0.9047475,5.09445,101.0897,9.595788,20.19922,
23706.71,1.243564E-03,6.994647E-04,5.349096E-03,21.81627,23.14203,1.37936,9.638247,19.71094,6.389341E-03,0.9048963,5.097704,101.0831,9.595788,20.19922,
23707,1.198387E-03,1.188886E-03,4.360354E-03,21.90441,23.13671,1.350115,9.638247,19.71094,6.521384E-03,0.9056001,5.095752,101.0695,9.595788,20.19922,
23707.3,1.294163E-03,4.234175E-03,4.911224E-03,21.64691,23.1329,1.413786,9.638247,19.71094,6.999536E-03,0.906258,5.099619,101.1548,9.595788,20.19922,
23707.61,9.273196E-04,4.737191E-03,4.854725E-03,21.45249,23.15144,1.413495,9.638247,19.71094,6.459364E-03,0.905251,5.10101,101.275,9.595788,20.19922,
23707.89,1.024904E-03,1.923018E-03,4.529852E-03,21.23215,23.14254,1.41611,9.638247,19.71094,6.16727E-03,0.9061436,5.105286,101.2459,9.595788,20.19922,
23708.21,1.133331E-03,3.037811E-03,4.09198E-03,20.89689,23.15583,1.416158,9.638247,19.71094,6.585404E-03,0.907288,5.107826,101.4141,9.595788,20.19922,
23708.5,1.429697E-03,4.743989E-03,4.882975E-03,20.65667,23.1566,1.440416,9.638247,19.71094,6.707443E-03,0.9068131,5.108375,101.3768,9.595788,20.19922,
23708.81,1.400783E-03,5.009091E-03,3.074988E-03,20.47781,23.14585,1.487383,9.638247,19.71094,6.627418E-03,0.9068245,5.114336,101.5124,9.595788,20.19922,
23709.09,1.701396E-04,4.27496E-03,4.925349E-03,20.35943,23.15882,1.498422,9.638247,19.71094,7.087565E-03,0.9087355,5.115651,101.6408,9.595788,20.19922,
23709.4,1.576073E-03,1.943411E-03,4.995973E-03,20.01293,23.13661,1.463706,9.638247,19.71094,7.673752E-03,0.9086269,5.117259,101.6912,9.595788,20.19922,
23709.68,7.574511E-04,3.921489E-03,5.193722E-03,19.82456,23.16118,1.504813,9.638247,19.71094,6.22729E-03,0.9092276,5.121637,101.7664,9.595788,20.19922,
23709.97,8.767205E-04,4.472088E-03,3.117363E-03,19.88332,23.12944,1.529701,9.638247,19.71094,6.72945E-03,0.9088957,5.122556,101.7539,9.595788,20.19922,
23710.26,1.285128E-03,5.34217E-03,3.272737E-03,19.54374,23.16163,1.543403,9.638247,19.71094,6.239294E-03,0.9098112,5.12507,101.8013,9.595788,20.19922,
23710.56,1.126102E-03,5.117852E-03,4.854725E-03,19.41585,23.14454,1.55943,9.638247,19.71094,5.937197E-03,0.9097998,5.122735,101.8108,9.595788,20.19922,
23710.87,8.53228E-04,5.614071E-03,5.786967E-03,19.40721,23.16081,1.552458,9.638247,19.71094,7.005538E-03,0.9098226,5.128619,101.9896,9.595788,20.19922,
23711.17,7.032377E-04,5.185827E-03,5.292596E-03,18.97604,23.17406,1.594388,9.638247,19.71094,6.735452E-03,0.9093134,5.130393,101.9576,9.595788,20.19922,
23711.47,1.185737E-03,5.199422E-03,3.343361E-03,18.82828,23.18971,1.613078,9.638247,19.71094,6.119255E-03,0.9102289,5.134477,101.9973,9.595788,20.19922,
23711.76,1.111645E-03,3.017419E-03,2.834865E-03,18.82309,23.1317,1.594437,9.638247,19.71094,6.305315E-03,0.9107896,5.132767,101.9819,9.595788,20.19922,
23712.06,9.200912E-04,3.166964E-03,3.413986E-03,18.8326,23.12616,1.594292,9.638247,19.71094,6.981531E-03,0.910269,5.135396,102.1139,9.595788,20.19922,
23712.37,1.093574E-03,4.648823E-03,4.86885E-03,18.41611,23.13649,1.623246,9.638247,19.71094,6.557395E-03,0.9116021,5.14054,102.0801,9.595788,20.19922,
23712.66,1.059239E-03,3.602005E-03,3.880107E-03,18.42907,23.11675,1.643679,9.638247,19.71094,6.339326E-03,0.9119855,5.141791,102.1701,9.595788,20.19922,
23712.96,1.160437E-03,5.131447E-03,4.699351E-03,18.52153,23.13433,1.645035,9.638247,19.71094,6.499377E-03,0.9123688,5.143284,102.1695,9.595788,20.19922,
23713.26,1.037554E-03,4.268162E-03,4.699351E-03,18.39365,23.1479,1.646487,9.595788,19.71094,6.015222E-03,0.9124775,5.143807,102.227,9.595788,20.19922,
23713.54,1.503789E-03,3.024216E-03,4.81235E-03,18.27008,23.12286,1.664015,9.638247,19.71094,5.949201E-03,0.9125977,5.143705,102.1293,9.595788,20.19922,
23713.85,1.164051E-03,2.677543E-03,5.631594E-03,18.09727,23.14355,1.649876,9.638247,19.71094,6.953522E-03,0.9134502,5.146462,102.2826,9.595788,20.19922,
23714.15,1.223686E-03,1.528762E-03,2.778366E-03,18.22515,23.10775,1.677766,9.638247,19.71094,6.145264E-03,0.914234,5.150943,102.4561,9.595788,20.19922,
23714.44,6.345675E-04,1.739485E-03,3.216237E-03,17.94692,23.14481,1.678589,9.595788,19.71094,6.613413E-03,0.9138221,5.156622,102.5301,9.595788,20.19922,
23714.74,9.273196E-04,5.267398E-03,2.142746E-03,17.81471,23.18292,1.700087,9.638247,19.71094,6.673432E-03,0.9151667,5.162456,102.5934,9.595788,20.19922,
23715.05,1.283321E-03,3.241737E-03,3.357486E-03,17.83977,23.1525,1.706381,9.638247,19.71094,6.705442E-03,0.9145945,5.160822,102.4638,9.595788,20.19922,
23715.33,1.476682E-03,4.098224E-03,3.202113E-03,17.52784,23.14197,1.692727,9.638247,19.71094,6.777465E-03,0.9144801,5.160681,102.6236,9.595788,20.19922,
23715.65,1.348377E-03,3.602005E-03,3.428111E-03,17.05086,23.14134,1.766469,9.638247,19.71094,7.309636E-03,0.914955,5.164179,102.5573,9.595788,20.19922,
23715.94,6.996235E-04,4.594443E-03,2.057996E-03,16.79942,23.11847,1.773151,9.638247,19.71094,7.301633E-03,0.9154242,5.166502,102.5881,9.595788,20.19922,
23716.23,1.104417E-03,3.486448E-03,4.17673E-03,17.00161,23.14292,1.758286,9.595788,19.71094,6.143263E-03,0.9162881,5.165672,102.6899,9.595788,20.19922,
23716.53,1.268864E-03,4.46529E-03,3.526985E-03,16.96186,23.10965,1.760901,9.595788,19.71094,6.425353E-03,0.916763,5.166795,102.7006,9.595788,20.19922,
23716.84,7.990147E-04,2.595973E-03,4.953599E-03,17.03445,23.1032,1.779881,9.638247,19.71094,6.72745E-03,0.9169175,5.168263,102.687,9.595788,20.19922,
23717.12,8.423854E-04,2.609567E-03,3.329237E-03,16.48143,23.13235,1.811063,9.638247,19.71094,5.995215E-03,0.9165285,5.173241,102.761,9.595788,20.19922,
23717.41,1.10261E-03,3.47965E-03,4.14848E-03,16.60327,23.09862,1.805834,9.638247,19.71094,5.471048E-03,0.9170777,5.174556,102.7942,9.595788,20.19922,
23717.71,9.670761E-04,3.853513E-03,3.470485E-03,16.45206,23.10798,1.808449,9.638247,19.71094,6.017223E-03,0.917936,5.176126,102.9001,9.595788,20.19922,
23718,7.610653E-04,4.560455E-03,4.769975E-03,16.59636,23.11617,1.792567,9.595788,19.71094,6.213285E-03,0.9183422,5.182278,103.0067,9.595788,20.19922,
23718.3,1.268864E-03,4.32934E-03,2.608867E-03,16.5281,23.09672,1.81881,9.638247,19.71094,6.425353E-03,0.918142,5.18104,102.999,9.595788,20.19922,
23718.59,6.978164E-04,2.480415E-03,3.583485E-03,16.35614,23.05337,1.842632,9.595788,19.71094,7.155586E-03,0.9185081,5.18492,103.0156,9.595788,20.19922,
23718.89,9.16477E-04,4.764381E-03,3.654109E-03,16.05026,23.08718,1.904076,9.638247,19.71094,6.001217E-03,0.9191433,5.184831,103.0381,9.595788,20.19922,
23719.2,1.281514E-03,4.900332E-03,3.611734E-03,15.36331,23.08547,1.942085,9.638247,19.71094,5.941198E-03,0.9187542,5.180721,103.0014,9.595788,20.19922,
23719.5,7.502227E-04,3.941881E-03,4.063731E-03,15.31147,23.07513,1.951623,9.638247,19.71094,7.35565E-03,0.9185711,5.185456,103.0623,9.595788,20.19922,
23719.8,9.32741E-04,1.005353E-03,4.077855E-03,15.28555,23.04211,1.947847,9.638247,19.71094,6.029226E-03,0.9192119,5.1882,103.1547,9.595788,20.19922,
23720.09,1.548966E-03,3.194154E-03,3.837733E-03,15.08335,23.08139,1.971427,9.638247,19.71094,5.621096E-03,0.9193149,5.188966,103.16,9.595788,20.19922,
23720.41,8.984059E-04,5.947149E-03,3.611734E-03,14.83882,23.08456,1.99675,9.638247,19.71094,7.353649E-03,0.9206252,5.19434,103.2915,9.595788,20.19922,
23720.71,1.08996E-03,7.470473E-04,1.846123E-03,14.81203,23.1003,1.976511,9.638247,19.71094,6.677433E-03,0.9215807,5.199369,103.4028,9.595788,20.19922,
23721.01,1.057432E-03,2.942646E-03,3.710608E-03,14.50096,23.07166,1.980336,9.638247,19.71094,6.419351E-03,0.9208254,5.201577,103.4857,9.595788,20.19922,
23721.29,1.136945E-03,2.60277E-03,4.642851E-03,14.34629,23.08758,2.004448,9.638247,19.71094,6.919511E-03,0.922725,5.203402,103.5265,9.595788,20.19922,
23721.6,1.08996E-03,2.283287E-03,3.597609E-03,14.17261,23.10247,2.062939,9.638247,19.71094,6.54139E-03,0.9217981,5.206925,103.5745,9.595788,20.19922,
23721.89,1.243564E-03,5.056674E-03,1.973247E-03,14.13373,23.10879,2.022751,9.638247,19.71094,6.025225E-03,0.9225019,5.206019,103.6579,9.595788,20.19922,
23722.18,1.276092E-03,5.090662E-03,3.187988E-03,14.06201,23.1316,2.066086,9.638247,19.71094,6.60541E-03,0.9225934,5.208201,103.6514,9.595788,20.19922,
23722.48,1.444154E-03,4.32934E-03,2.947865E-03,14.03522,23.10115,2.041247,9.638247,19.71094,6.857491E-03,0.9231827,5.210627,103.5549,9.595788,20.19922,
23722.77,4.195211E-04,4.30215E-03,5.038348E-03,13.87191,23.08069,2.058823,9.638247,19.71094,6.873496E-03,0.9229939,5.211801,103.7781,9.595788,20.19922,
23723.06,1.40259E-03,1.406407E-03,2.538243E-03,13.79587,23.09616,2.087342,9.638247,19.71094,6.331323E-03,0.9238922,5.214162,103.8,9.595788,20.19922,
23723.36,9.218983E-04,1.059733E-03,2.128621E-03,13.58763,23.10624,2.111551,9.638247,19.71094,6.109252E-03,0.9213804,5.20307,103.6798,9.595788,20.19922,
23723.68,9.905685E-04,1.691902E-03,2.679492E-03,13.39839,23.08732,2.138424,9.638247,19.71094,6.13326E-03,0.9222959,5.202662,103.5514,9.595788,20.19922,
23723.97,9.453908E-04,3.207749E-03,4.134355E-03,13.38716,23.08867,2.139537,9.638247,19.71094,6.419351E-03,0.9223645,5.212758,103.7018,9.595788,20.19922,
23724.29,1.49656E-03,4.268162E-03,3.018489E-03,13.39667,23.06,2.18171,9.638247,19.71094,6.35333E-03,0.9266157,5.235095,104.1949,9.595788,20.19922,
23724.59,8.712992E-04,5.376158E-03,1.959122E-03,13.34914,23.04034,2.177256,9.638247,19.71094,6.151265E-03,0.9261923,5.234661,104.1055,9.595788,20.19922,
23724.88,1.127909E-03,3.846716E-03,3.48461E-03,13.18497,23.04492,2.189457,9.638247,19.71094,6.393343E-03,0.9276914,5.239026,104.1943,9.595788,20.19922,
23725.18,1.350184E-03,4.431303E-03,0.0047841,12.92142,23.01366,2.209842,9.595788,19.71094,6.643422E-03,0.9281377,5.241949,104.2956,9.595788,20.19922,
23725.47,1.397169E-03,5.31498E-03,3.004364E-03,12.85229,23.06242,2.210907,9.638247,19.71094,6.611412E-03,0.9293736,5.246953,104.4465,9.595788,20.19922,
23725.76,1.379098E-03,4.696406E-03,3.202113E-03,12.69158,23.06202,2.230226,9.638247,19.71094,6.50938E-03,0.9289101,5.245383,104.4004,9.595788,20.19922,
23726.06,1.301392E-03,2.405642E-03,4.854725E-03,12.54209,23.06837,2.234196,9.638247,19.71094,6.477369E-03,0.9282693,5.24343,104.3258,9.595788,20.19922,
23726.35,7.104662E-04,3.894299E-03,3.145613E-03,12.42803,23.05922,2.262957,9.595788,19.71094,6.975529E-03,0.9276113,5.241694,104.4087,9.595788,20.19922,
23726.65,1.198387E-03,3.53403E-03,3.413986E-03,12.28114,23.0423,2.301789,9.595788,19.71094,7.397664E-03,0.9272336,5.235082,104.1736,9.595788,20.19922,
23726.94,4.484349E-04,4.206984E-03,2.170996E-03,12.22756,23.048,2.281889,9.638247,19.71094,5.645104E-03,0.9263353,5.232976,104.173,9.595788,20.19922,
23727.23,9.544264E-04,1.501572E-03,4.614601E-03,11.80676,23.05221,2.338007,9.638247,19.71094,5.763141E-03,0.927308,5.234878,104.2405,9.595788,20.19922,
23727.52,6.020395E-04,2.895063E-03,2.128621E-03,11.84651,23.03351,2.315831,9.595788,19.71094,6.999536E-03,0.9283665,5.240239,104.3258,9.595788,20.19922,
23727.79,1.272478E-03,4.159402E-03,1.944997E-03,11.6495,23.01499,2.340331,9.638247,19.71094,6.689437E-03,0.9291218,5.242205,104.3755,9.595788,20.19922,
23728.09,1.899546E-03,-1.258221E-03,3.117363E-03,11.85687,23.05202,2.371174,9.638247,19.71094,8.359971E-03,0.9289559,5.244157,104.4625,9.595788,20.19922,
23728.4,1.080924E-03,4.737191E-03,3.272737E-03,11.43175,23.02404,2.391897,9.595788,19.71094,5.783148E-03,0.9296082,5.246608,104.4312,9.595788,20.19922,
23728.68,8.550351E-04,4.825559E-03,2.637117E-03,11.34707,23.00503,2.399208,9.638247,19.71094,6.179274E-03,0.9296768,5.248165,104.4513,9.595788,20.19922,
23728.97,1.315849E-03,2.527997E-03,3.978982E-03,11.31164,22.98272,2.394996,9.638247,19.71094,6.503378E-03,0.9293163,5.24962,104.5294,9.595788,20.19922,
23729.26,1.019482E-03,5.294587E-03,2.029747E-03,10.99711,22.96482,2.438912,9.638247,19.71094,6.651425E-03,0.9298427,5.251714,104.6206,9.595788,20.19922,
23729.55,1.404397E-03,4.363327E-03,2.057996E-03,11.07056,22.97327,2.472127,9.638247,19.71094,6.44736E-03,0.9298313,5.254432,104.7201,9.595788,20.19922,
23729.83,1.133331E-03,2.922253E-03,4.162605E-03,11.04896,22.98898,2.417511,9.595788,19.71094,7.523704E-03,0.9306037,5.256666,104.7402,9.595788,20.19922,
23730.14,1.85979E-03,8.422126E-04,2.90549E-03,10.93576,23.03842,2.416881,9.638247,19.71094,6.837484E-03,0.9309413,5.256398,104.768,9.595788,20.19922,
23730.44,1.189351E-03,2.174526E-03,2.622992E-03,10.85108,22.99422,2.486992,9.638247,19.71094,5.699121E-03,0.9307125,5.25793,104.8112,9.595788,20.19922,
23730.73,1.118874E-03,0.0016987,4.699351E-03,10.57717,22.97041,2.507667,9.638247,19.71094,6.921512E-03,0.9308669,5.255632,104.7816,9.595788,20.19922,
23731.03,8.04436E-04,2.677543E-03,4.317979E-03,10.2782,22.98102,2.51735,9.595788,19.71094,7.191597E-03,0.9300144,5.253181,104.8041,9.595788,20.19922,
23731.32,1.216458E-03,5.532501E-03,4.543977E-03,10.05181,23.02583,2.603682,9.638247,19.71094,7.44968E-03,0.9308612,5.258657,104.7201,9.595788,20.19922,
23731.63,1.131523E-03,3.160167E-03,3.258612E-03,9.974042,22.99361,2.633798,9.595788,19.71094,7.209604E-03,0.9320399,5.266328,104.9196,9.595788,20.19922,
23731.92,9.363552E-04,3.914691E-03,2.990239E-03,9.981819,22.9603,2.588333,9.638247,19.71094,7.065557E-03,0.9327322,5.26846,105.0315,9.595788,20.19922,
23732.21,1.350184E-03,3.64279E-03,1.973247E-03,9.887634,22.96238,2.574243,9.638247,19.71094,6.413349E-03,0.9335504,5.271166,105.1126,9.595788,20.19922,
23732.5,8.441925E-04,4.037046E-03,3.865982E-03,9.82542,22.97749,2.622565,9.638247,19.71094,6.32332E-03,0.9334474,5.270132,105.1611,9.595788,20.19922,
23732.8,1.341148E-03,1.603535E-03,2.721866E-03,9.653468,22.95333,2.674325,9.638247,19.71094,7.279626E-03,0.9335904,5.271919,105.1671,9.595788,20.19922,
23733.1,1.464032E-03,1.678307E-03,2.354619E-03,9.650876,22.94519,2.678053,9.638247,19.71094,6.593407E-03,0.9336419,5.275876,105.244,9.595788,20.19922,
23733.39,1.267057E-03,2.024981E-03,3.668234E-03,9.562739,22.93994,2.671807,9.638247,19.71094,6.763461E-03,0.934586,5.277892,105.408,9.595788,20.19922,
23733.68,1.133331E-03,1.284051E-03,4.303854E-03,9.455593,22.94733,2.690497,9.638247,19.71094,6.491374E-03,0.9341054,5.277892,105.4388,9.595788,20.19922,
23733.97,1.558002E-03,1.623927E-03,2.326369E-03,9.391651,22.96604,2.703037,9.638247,19.71094,6.775465E-03,0.9349121,5.281326,105.4785,9.595788,20.19922,
23734.25,1.312235E-03,1.460787E-03,3.244487E-03,9.365729,22.93273,2.695629,9.638247,19.71094,6.687437E-03,0.9356788,5.281798,105.4465,9.595788,20.19922,
23734.56,1.485717E-03,3.53403E-03,1.210503E-03,9.370914,22.90063,2.716691,9.638247,19.71094,6.41735E-03,0.9349694,5.282092,105.4435,9.595788,20.19922,
23734.84,6.056537E-04,2.160931E-03,2.580617E-03,9.115146,22.91685,2.747873,9.638247,19.71094,7.303634E-03,0.9346947,5.283253,105.3867,9.595788,20.19922,
23735.13,8.712992E-04,2.446427E-03,4.17673E-03,8.811853,22.93004,2.769807,9.638247,19.71094,6.441358E-03,0.9349293,5.282104,105.4181,9.595788,20.19922,
23735.42,7.074844E-05,2.555187E-03,3.851858E-03,8.863698,22.86753,2.806412,9.595788,19.71094,6.581403E-03,0.9351639,5.282768,105.4891,9.595788,20.19922,
23735.72,7.357658E-04,1.005353E-03,4.049606E-03,8.794572,22.88813,2.80341,9.595788,19.71094,7.44968E-03,0.9357818,5.288895,105.5839,9.595788,20.19922,
23736.03,1.042975E-03,2.011386E-03,3.103238E-03,8.609658,22.83277,2.833333,9.638247,19.71094,6.331323E-03,0.9362052,5.286508,105.5087,9.595788,20.19922,
23736.31,7.88172E-04,5.151839E-03,2.199245E-03,8.674464,22.79817,2.86311,9.638247,19.71094,6.655426E-03,0.9360507,5.28841,105.6845,9.595788,20.19922,
23736.62,1.76582E-03,1.270456E-03,5.363221E-03,8.497328,22.77985,2.840402,9.595788,19.71094,6.457363E-03,0.9366401,5.289597,105.6916,9.595788,20.19922,
23736.92,1.724256E-03,3.350497E-03,3.865982E-03,8.522387,22.7752,2.848585,9.638247,19.71094,6.767462E-03,0.9365771,5.290822,105.7733,9.595788,20.19922,
23737.22,9.79726E-04,4.030249E-03,1.57775E-03,8.305502,22.74192,2.864369,9.638247,19.71094,6.283307E-03,0.9374869,5.292979,105.7917,9.595788,20.19922,
23737.53,9.996041E-04,2.086159E-03,3.046739E-03,8.170705,22.74329,2.913853,9.638247,19.71094,6.709444E-03,0.937916,5.293962,105.8822,9.595788,20.19922,
23737.82,1.547159E-03,2.228906E-03,1.478876E-03,8.022083,22.69877,2.912691,9.595788,19.71094,5.965206E-03,0.9381792,5.295047,105.8988,9.595788,20.19922,
23738.12,1.086346E-03,3.907894E-03,4.063731E-03,7.944316,22.68733,2.9415,9.638247,19.71094,5.813157E-03,0.9377901,5.296757,105.8751,9.595788,20.19922,
23738.42,1.230914E-03,2.160931E-03,3.004364E-03,7.694597,22.64751,2.940048,9.638247,19.71094,5.889182E-03,0.9380247,5.294256,105.8307,9.595788,20.19922,
23738.73,1.082731E-03,2.228906E-03,1.831998E-03,7.501907,22.58088,2.994326,9.638247,19.71094,6.361332E-03,0.938574,5.298608,105.8497,9.595788,20.19922,
23739.03,1.042975E-03,1.943411E-03,3.54111E-03,7.505363,22.53738,3.003186,9.638247,19.71094,6.611412E-03,0.9382135,5.300612,105.9213,9.595788,20.19922,
23739.33,1.104417E-03,2.065766E-03,3.583485E-03,7.497586,22.45971,2.998296,9.595788,19.71094,6.507379E-03,0.9391748,5.299833,106.0155,9.595788,20.19922,
23739.62,1.015868E-03,1.732688E-03,4.75585E-03,7.312673,22.48566,3.048748,9.595788,19.71094,5.292991E-03,0.9395981,5.304595,106.0267,9.595788,20.19922,
23739.93,1.174894E-03,1.827853E-03,4.416853E-03,7.088012,22.43809,3.125396,9.638247,19.71094,5.637101E-03,0.9402276,5.303126,106.0901,9.595788,20.19922,
23740.23,9.49005E-04,1.875435E-03,2.976114E-03,7.002468,22.3259,3.174299,9.638247,19.71094,5.981211E-03,0.9396554,5.304288,106.1155,9.595788,20.19922,
23740.53,1.080924E-03,1.848245E-03,3.880107E-03,6.947167,22.26581,3.146894,9.638247,19.71094,6.829482E-03,0.9406681,5.306854,106.1516,9.595788,20.19922,
23740.82,3.869931E-04,1.154898E-03,2.891365E-03,7.072458,22.24036,3.143892,9.595788,19.71094,6.723448E-03,0.9409943,5.306534,106.1386,9.595788,20.19922,
23741.12,1.05201E-03,2.861076E-03,3.51286E-03,7.037031,22.16235,3.188534,9.638247,19.71094,6.553394E-03,0.9402791,5.308845,106.1676,9.595788,20.19922,
23741.38,9.869543E-04,1.216076E-03,3.978982E-03,6.757933,22.16805,3.17793,9.638247,19.71094,6.535388E-03,0.940794,5.309866,106.0889,9.595788,20.19922,
23741.69,1.572459E-03,1.828533E-04,4.671101E-03,6.858166,22.15943,3.249251,9.638247,19.71094,7.777785E-03,0.9399415,5.308653,106.1913,9.595788,20.19922,
23742,1.326691E-03,2.133741E-03,4.416853E-03,6.581661,22.06547,3.235355,9.595788,19.71094,7.019543E-03,0.9415664,5.313287,106.2973,9.595788,20.19922,
23742.28,1.109838E-03,4.777976E-03,4.882975E-03,6.693127,22.03217,3.245281,9.638247,19.71094,6.249296E-03,0.9409428,5.314665,106.1641,9.595788,20.19922,
23742.57,1.232722E-03,1.848245E-03,4.953599E-03,6.681894,21.96624,3.24073,9.638247,19.71094,6.97953E-03,0.9424075,5.317116,106.3358,9.595788,20.19922,
23742.86,1.026711E-03,2.507605E-03,0.0048406,6.534136,21.93039,3.269926,9.638247,19.71094,6.429354E-03,0.9420871,5.316439,106.315,9.595788,20.19922,
23743.15,1.106224E-03,1.984196E-03,4.86885E-03,6.534136,21.87469,3.262082,9.595788,19.71094,6.723448E-03,0.9422072,5.313708,106.1996,9.595788,20.19922,
23743.43,1.492946E-03,9.305803E-04,4.12023E-03,6.448592,21.86102,3.274768,9.595788,19.71094,6.743454E-03,0.9425219,5.315788,106.3008,9.595788,20.19922,
23743.72,1.167666E-03,2.541592E-03,2.707741E-03,6.481427,21.77636,3.290601,9.638247,19.71094,6.451361E-03,0.9421615,5.316388,106.2049,9.595788,20.19922,
23744.04,1.212843E-03,2.126944E-03,2.707741E-03,6.322436,21.70892,3.33597,9.638247,19.71094,6.175273E-03,0.9423159,5.317307,106.2416,9.595788,20.19922,
23744.34,5.46019E-04,3.948679E-03,4.063731E-03,6.360456,21.70386,3.306676,9.638247,19.71094,6.905506E-03,0.9434946,5.320052,106.2837,9.595788,20.19922,
23744.63,8.53228E-04,2.561985E-03,3.258612E-03,6.219611,21.66843,3.332677,9.638247,19.71094,7.60573E-03,0.944124,5.322949,106.3612,9.595788,20.19922,
23744.94,1.144173E-03,3.513637E-03,2.227495E-03,6.233436,21.61585,3.352819,9.638247,19.71094,6.911508E-03,0.9432543,5.321443,106.2369,9.595788,20.19922,
23745.22,1.310427E-03,5.274195E-03,2.354619E-03,6.036426,21.50644,3.389376,9.638247,19.71094,7.267622E-03,0.9439981,5.321902,106.36,9.595788,20.19922,
23745.51,1.220072E-03,1.623927E-03,4.416853E-03,6.038154,21.41751,3.388456,9.638247,19.71094,6.547392E-03,0.9445074,5.324072,106.3926,9.595788,20.19922,
23745.81,1.156823E-03,5.709236E-03,3.682359E-03,6.015687,21.33989,3.40424,9.638247,19.71094,6.72945E-03,0.943918,5.324059,106.3831,9.595788,20.19922,
23746.12,1.243564E-03,5.546096E-03,4.360354E-03,5.890396,21.20601,3.409131,9.638247,19.71094,6.687437E-03,0.9439638,5.326293,106.3014,9.595788,20.19922,
23746.42,1.498367E-03,3.867109E-03,1.210503E-03,5.803124,21.15063,3.425932,9.638247,19.71094,6.217286E-03,0.9452683,5.328475,106.4512,9.595788,20.19922,
23746.72,1.122488E-03,5.743224E-03,2.326369E-03,5.807444,21.02859,3.444525,9.595788,19.71094,6.035228E-03,0.9448277,5.324378,106.3363,9.595788,20.19922,
23747.01,9.128628E-04,1.555952E-03,4.388603E-03,5.645861,20.93871,3.44714,9.638247,19.71094,6.903506E-03,0.9454743,5.32674,106.347,9.595788,20.19922,
23747.31,1.086346E-03,2.623162E-03,3.385736E-03,5.661415,20.81541,3.478176,9.638247,19.71094,7.73177E-03,0.9457604,5.331156,106.4796,9.595788,20.19922,
23747.62,1.075503E-03,5.002294E-03,4.063731E-03,5.47823,20.71724,3.521027,9.638247,19.71094,7.04355E-03,0.944576,5.329931,106.3956,9.595788,20.19922,
23747.91,9.273196E-04,1.72589E-03,4.430978E-03,5.384045,20.57072,3.542912,9.638247,19.71094,6.717446E-03,0.9458176,5.332675,106.5311,9.595788,20.19922,
23748.21,1.567037E-03,1.83465E-03,3.908357E-03,5.46786,20.44723,3.531437,9.638247,19.71094,6.529386E-03,0.9464756,5.328897,106.3292,9.595788,20.19922,
23748.52,4.357851E-04,3.065001E-03,4.035481E-03,5.523161,20.2763,3.529984,9.638247,19.71094,7.015542E-03,0.9454858,5.331717,106.3985,9.595788,20.19922,
23748.82,1.066467E-03,0.0025212,4.106105E-03,5.4212,20.23431,3.563684,9.638247,19.71094,6.315318E-03,0.9459378,5.332994,106.5252,9.595788,20.19922,
23749.13,1.039361E-03,3.758348E-03,3.48461E-03,5.369355,20.12425,3.575595,9.595788,19.71094,6.839485E-03,0.9458576,5.329752,106.3926,9.595788,20.19922,
23749.43,8.622636E-04,1.909423E-03,4.374478E-03,5.490326,20.10665,3.578016,9.638247,19.71094,6.481371E-03,0.9430426,5.31261,105.9776,9.595788,20.19922,
23749.72,1.216458E-03,2.235704E-03,4.699351E-03,5.392685,20.06391,3.576612,9.638247,19.71094,6.72945E-03,0.9429854,5.312738,105.9776,9.595788,20.19922,
23750.02,9.996041E-04,1.58994E-03,3.470485E-03,5.524025,20.0601,3.563829,9.638247,19.71094,7.413669E-03,0.9447191,5.317907,106.038,9.595788,20.19922,
23750.33,1.202001E-03,1.508369E-03,2.26987E-03,5.530074,20.04502,3.550901,9.638247,19.71094,6.457363E-03,0.9450623,5.315648,105.9716,9.595788,20.19922,
23750.61,1.026711E-03,3.833121E-03,2.326369E-03,5.401326,19.96775,3.542961,9.638247,19.71094,7.001537E-03,0.9440038,5.316771,105.9924,9.595788,20.19922,
23750.92,1.267057E-03,3.887501E-03,2.778366E-03,5.465268,19.90957,3.553032,9.595788,19.71094,6.891502E-03,0.9445474,5.31986,106.0232,9.595788,20.19922,
23751.21,1.259828E-03,1.61713E-03,3.51286E-03,5.473045,19.87059,3.538167,9.638247,19.71094,6.659428E-03,0.9455888,5.320613,106.0753,9.595788,20.19922,
23751.49,8.243143E-04,4.845951E-03,4.558102E-03,5.434161,19.79051,3.570269,9.638247,19.71094,6.639421E-03,0.9449422,5.322093,106.1605,9.595788,20.19922,
23751.8,1.041168E-03,2.833886E-03,4.233229E-03,5.37886,19.85854,3.552499,9.595788,19.71094,6.869495E-03,0.9455144,5.322017,106.1806,9.595788,20.19922,
23752.08,1.182123E-03,5.403348E-03,4.388603E-03,5.352938,19.78662,3.544752,9.638247,19.71094,6.873496E-03,0.9458348,5.32254,106.202,9.595788,20.19922,
23752.39,1.406204E-03,3.357294E-03,3.54111E-03,5.424656,19.75142,3.542961,9.638247,19.71094,6.923512E-03,0.9459378,5.325387,106.2327,9.595788,20.19922,
23752.68,5.207194E-04,2.324072E-03,2.24162E-03,5.391821,19.75974,3.530953,9.595788,19.71094,6.883499E-03,0.9461094,5.326395,106.1386,9.595788,20.19922,
23752.96,8.984059E-04,3.003824E-03,2.114496E-03,5.422928,19.7872,3.521172,9.638247,19.71094,6.941518E-03,0.9474083,5.327148,106.1214,9.595788,20.19922,
23753.25,1.348377E-03,3.799133E-03,4.642851E-03,5.460083,19.79614,3.54543,9.595788,19.71094,7.053554E-03,0.9472881,5.327506,106.1309,9.595788,20.19922,
23753.55,1.169473E-03,5.403348E-03,2.439369E-03,5.50156,19.8279,3.56717,9.638247,19.71094,6.519383E-03,0.9476485,5.329484,106.1114,9.595788,20.19922,
23753.84,1.173087E-03,4.016654E-03,4.346229E-03,5.450579,19.89316,3.574385,9.638247,19.71094,6.909508E-03,0.9474711,5.32942,106.1913,9.595788,20.19922,
23754.13,9.616548E-04,2.208514E-03,1.464751E-03,5.390957,19.9,3.562425,9.638247,19.71094,6.493375E-03,0.9473625,5.327786,106.0948,9.595788,20.19922,
23754.43,1.21465E-03,1.610332E-03,4.303854E-03,5.489462,19.92271,3.559714,9.638247,19.71094,6.783467E-03,0.9478259,5.330965,106.2185,9.595788,20.19922,
23754.72,8.785276E-04,3.309712E-03,4.487478E-03,5.327879,19.92571,3.550417,9.638247,19.71094,7.059556E-03,0.9481292,5.331347,106.1907,9.595788,20.19922,
23755.02,1.272478E-03,2.058968E-03,3.230362E-03,5.373675,19.93685,3.526934,9.638247,19.71094,6.675433E-03,0.9487528,5.331628,106.122,9.595788,20.19922,
23755.31,1.230914E-03,4.349732E-03,8.150061E-04,5.379724,19.89651,3.519429,9.638247,19.71094,6.987533E-03,0.9493479,5.336747,106.1978,9.595788,20.19922,
23755.63,1.707992E-03,2.052171E-03,2.806616E-03,5.31751,19.8949,3.563442,9.638247,19.71094,6.391342E-03,0.9493765,5.335445,106.1984,9.595788,20.19922,
23755.92,9.724975E-04,1.902626E-03,4.289729E-03,5.35121,19.84591,3.534875,9.638247,19.71094,6.749456E-03,0.9494795,5.339159,106.2292,9.595788,20.19922,
23756.22,7.321516E-04,4.934319E-03,3.823608E-03,5.327015,19.78547,3.55032,9.638247,19.71094,7.021544E-03,0.9496111,5.339133,106.2789,9.595788,20.19922,
23756.52,8.965987E-04,4.818761E-03,3.583485E-03,5.498967,19.76713,3.543009,9.638247,19.71094,6.299313E-03,0.9499601,5.340129,106.3588,9.595788,20.19922,
23756.81,1.339341E-03,4.771179E-03,4.939474E-03,5.394413,19.72607,3.558745,9.638247,19.71094,6.933515E-03,0.9515164,5.351884,106.5039,9.595788,20.19922,
23757.11,1.368255E-03,4.750786E-03,2.764241E-03,5.401326,19.6996,3.566589,9.638247,19.71094,6.703442E-03,0.9548922,5.365389,106.678,9.595788,20.19922,
23757.39,1.207422E-03,1.324836E-03,2.411119E-03,5.522297,19.676,3.527225,9.638247,19.71094,6.937516E-03,0.9518711,5.35145,106.5595,9.595788,20.19922,
23757.69,1.283321E-03,2.371654E-03,5.038348E-03,5.468724,19.62082,3.562813,9.638247,19.71094,7.04355E-03,0.9521915,5.348936,106.5063,9.595788,20.19922,
23757.98,1.758591E-03,2.038576E-03,1.436501E-03,5.518841,19.61943,3.555356,9.638247,19.71094,6.179274E-03,0.9522087,5.350136,106.5738,9.595788,20.19922,
23758.29,1.370062E-03,2.881468E-03,3.625859E-03,5.460948,19.59217,3.539765,9.638247,19.71094,6.72945E-03,0.9517624,5.351604,106.5442,9.595788,20.19922,
23758.58,8.83949E-04,5.817996E-03,0.001606,5.410831,19.53063,3.56136,9.638247,19.71094,6.839485E-03,0.9527351,5.352561,106.5311,9.595788,20.19922,
23758.88,9.670761E-04,1.188886E-03,2.778366E-03,5.55254,19.51058,3.519429,9.595788,19.71094,6.72745E-03,0.9518597,5.353353,106.6004,9.595788,20.19922,
23759.19,1.151402E-03,4.485683E-03,2.82074E-03,5.497239,19.46228,3.566444,9.638247,19.71094,6.429354E-03,0.9522831,5.356812,106.6774,9.595788,20.19922,
23759.49,1.218265E-03,5.179029E-03,3.258612E-03,5.493783,19.4863,3.568768,9.638247,19.71094,6.719447E-03,0.9530498,5.360271,106.72,9.595788,20.19922,
23759.78,1.297778E-03,5.641261E-03,3.738858E-03,5.480822,19.48975,3.566977,9.638247,19.71094,6.851489E-03,0.9538279,5.359709,106.7129,9.595788,20.19922,
23760.07,1.268864E-03,2.46682E-03,3.413986E-03,5.459219,19.50958,3.52582,9.638247,19.71094,6.859492E-03,0.9543315,5.364176,106.7851,9.595788,20.19922,
23760.35,1.433311E-03,3.214547E-03,1.648375E-03,5.419472,19.55977,3.558745,9.638247,19.71094,6.85349E-03,0.9546518,5.364431,106.8988,9.595788,20.19922,
23760.64,1.041168E-03,3.289319E-03,2.015622E-03,5.511929,19.4997,3.556034,9.638247,19.71094,6.963525E-03,0.9550409,5.36387,106.9201,9.595788,20.19922,
23760.93,1.32127E-03,2.636758E-03,2.84899E-03,5.377132,19.53148,3.546544,9.638247,19.71094,6.889501E-03,0.9543887,5.364508,106.7715,9.595788,20.19922,
23761.23,1.169473E-03,5.348968E-03,4.09198E-03,5.451443,19.47444,3.570172,9.595788,19.71094,0.0065734,0.9541197,5.365133,106.8337,9.595788,20.19922,
23761.54,7.448013E-04,2.643555E-03,4.17673E-03,5.459219,19.49914,3.539232,9.638247,19.71094,6.751457E-03,0.9550867,5.367852,106.8491,9.595788,20.19922,
23761.84,1.49656E-03,2.915456E-03,1.252878E-03,5.433297,19.44663,3.551967,9.638247,19.71094,6.893503E-03,0.9549322,5.370073,106.8425,9.595788,20.19922,
23762.14,1.64655E-03,3.180559E-03,2.368744E-03,5.532666,19.38417,3.510665,9.638247,19.71094,6.661428E-03,0.955287,5.371822,106.9787,9.595788,20.19922,
23762.46,6.743239E-04,3.846716E-03,3.258612E-03,5.339976,19.3654,3.529307,9.638247,19.71094,6.555394E-03,0.9564484,5.370443,106.8881,9.595788,20.19922,
23762.75,1.212843E-03,4.907129E-03,2.312244E-03,5.576735,19.35803,3.555743,9.638247,19.71094,6.643422E-03,0.956374,5.371643,106.9544,9.595788,20.19922,
23763.05,1.100802E-03,5.145042E-03,1.817873E-03,5.388365,19.30547,3.553274,9.638247,19.71094,7.007539E-03,0.9555158,5.374272,107.0213,9.595788,20.19922,
23763.34,1.010447E-03,3.234939E-03,2.24162E-03,5.54822,19.30688,3.541411,9.595788,19.71094,6.725449E-03,0.9560022,5.375549,107.0119,9.595788,20.19922,
23763.65,1.198387E-03,4.981901E-03,4.388603E-03,5.526618,19.25888,3.526402,9.638247,19.71094,7.399664E-03,0.9572552,5.375817,107.0894,9.595788,20.19922,
23763.93,7.88172E-04,4.54686E-03,2.199245E-03,5.524889,19.16103,3.532018,9.638247,19.71094,6.911508E-03,0.9566373,5.377259,107.0474,9.595788,20.19922,
23764.24,8.875632E-04,4.295352E-03,3.357486E-03,5.490326,19.10096,3.530469,9.595788,19.71094,6.797472E-03,0.9574097,5.378919,107.0965,9.595788,20.19922,
23764.54,1.192965E-03,4.913927E-03,2.707741E-03,5.560317,19.03482,3.534875,9.638247,19.71094,6.929514E-03,0.9582222,5.379327,107.1297,9.595788,20.19922,
23764.84,1.874247E-03,1.494774E-03,1.154004E-03,5.539579,19.02235,3.564217,9.638247,19.71094,6.597408E-03,0.9577873,5.380463,107.1652,9.595788,20.19922,
23765.15,1.503789E-03,4.179794E-03,2.029747E-03,5.480822,18.99757,3.539668,9.638247,19.71094,6.685436E-03,0.9572151,5.384522,107.225,9.595788,20.19922,
23765.45,1.49656E-03,5.219815E-03,1.464751E-03,5.579327,18.97352,3.54514,9.638247,19.71094,6.829482E-03,0.958102,5.384573,107.135,9.595788,20.19922,
23765.75,1.155016E-03,5.07027E-03,2.170996E-03,5.578463,18.93026,3.545382,9.638247,19.71094,7.055554E-03,0.9626564,5.412373,107.6483,9.595788,20.19922,
23766.04,1.436925E-03,5.532501E-03,3.060864E-03,5.455763,18.90641,3.563926,9.638247,19.71094,6.66543E-03,0.9617066,5.40206,107.4748,9.595788,20.19922,
23766.33,9.959899E-04,4.458493E-03,4.12023E-03,5.542171,18.8932,3.5188,9.638247,19.71094,6.773464E-03,0.9613634,5.405442,107.55,9.595788,20.19922,
23766.63,1.174894E-03,5.328575E-03,2.679492E-03,5.588832,18.88173,3.558164,9.638247,19.71094,7.411668E-03,0.9622216,5.406182,107.5098,9.595788,20.19922,
23766.95,9.996041E-04,3.568018E-03,1.309377E-03,5.445394,18.87021,3.520543,9.595788,19.71094,6.831483E-03,0.9608656,5.403042,107.4334,9.595788,20.19922,
23767.21,9.074414E-04,1.467584E-03,1.168128E-03,5.377132,18.88563,3.517492,9.638247,19.71094,6.737452E-03,0.9624161,5.403744,107.4861,9.595788,20.19922,
23767.51,1.436925E-03,2.283287E-03,9.280053E-04,5.700298,18.89831,3.530905,9.638247,19.71094,8.363972E-03,0.9620214,5.406578,107.4891,9.595788,20.19922,
23767.79,1.120681E-03,2.691138E-03,3.258612E-03,5.480822,18.92901,3.536812,9.638247,19.71094,6.851489E-03,0.96205,5.404727,107.3624,9.595788,20.19922,
23768.1,1.370062E-03,4.777976E-03,3.978982E-03,5.65623,18.92105,3.503451,9.595788,19.71094,6.183275E-03,0.9626965,5.40308,107.4198,9.595788,20.19922,
23768.38,1.012254E-03,5.382955E-03,2.538243E-03,5.535259,18.92969,3.554146,9.638247,19.71094,6.523384E-03,0.9617295,5.405455,107.4476,9.595788,20.19922,
23768.67,7.809435E-04,0.0027931,4.289729E-03,5.87225,18.93977,3.485536,9.638247,19.71094,7.119575E-03,0.9645103,5.414109,107.6306,9.595788,20.19922,
23768.96,1.187544E-03,3.629195E-03,2.919615E-03,6.01828,19.0741,3.414215,9.638247,19.71094,7.615733E-03,0.9631714,5.407688,107.4322,9.595788,20.19922,
23769.26,1.505596E-03,5.437335E-03,3.696484E-03,6.325028,19.21678,3.341005,9.638247,19.71094,7.54371E-03,0.9611402,5.396379,107.3227,9.595788,20.19922,
23769.55,1.046589E-03,3.690373E-03,3.385736E-03,6.337126,19.39088,3.326383,9.638247,19.71094,6.965525E-03,0.9602362,5.390368,107.1107,9.595788,20.19922,
23769.85,7.917862E-04,3.574815E-03,4.445103E-03,6.444272,19.40883,3.332726,9.638247,19.71094,7.439677E-03,0.9609285,5.392308,107.0184,9.595788,20.19922,
23770.14,1.297778E-03,2.215311E-03,2.156871E-03,6.655107,19.47089,3.277044,9.595788,19.71094,7.10557E-03,0.9618554,5.398141,107.1415,9.595788,20.19922,
23770.43,9.779189E-04,1.481179E-03,2.679492E-03,6.690535,19.59785,3.244894,9.638247,19.71094,6.579402E-03,0.9610716,5.395371,107.0586,9.595788,20.19922,
23770.73,1.576073E-03,9.373779E-04,2.368744E-03,6.769166,19.65838,3.283387,9.638247,19.71094,6.359332E-03,0.9613577,5.397503,107.0675,9.595788,20.19922,
23771.02,1.487524E-03,1.72589E-03,3.103238E-03,7.078507,19.84459,3.151155,9.638247,19.71094,6.813477E-03,0.9628624,5.401677,107.154,9.595788,20.19922,
23771.34,1.382712E-03,3.105786E-03,4.374478E-03,7.425004,20.14057,3.119392,9.638247,19.71094,6.717446E-03,0.9607797,5.39569,107.109,9.595788,20.19922,
23771.63,6.887809E-04,1.447192E-03,4.515727E-03,7.739529,20.43826,3.078478,9.595788,19.71094,6.513381E-03,0.9624848,5.406246,107.1865,9.595788,20.19922,
23771.92,1.384519E-03,4.696406E-03,1.789624E-03,7.628927,20.65569,3.044149,9.638247,19.71094,6.695439E-03,0.9632916,5.410471,107.4861,9.595788,20.19922,
23772.2,1.010447E-03,1.766675E-03,4.20498E-03,7.615101,20.84024,3.01379,9.638247,19.71094,6.263301E-03,0.9634517,5.405723,107.36,9.595788,20.19922,
23772.49,9.508121E-04,2.623162E-03,3.696484E-03,7.736937,20.96618,3.031754,9.638247,19.71094,6.785468E-03,0.9633487,5.409922,107.5346,9.595788,20.19922,
23772.8,1.156823E-03,2.874671E-03,3.159738E-03,7.953821,21.06015,3.027154,9.638247,19.71094,6.997536E-03,0.9645217,5.415934,107.5944,9.595788,20.19922,
23773.08,1.254407E-03,1.229671E-03,4.487478E-03,7.920122,21.1587,3.012386,9.595788,19.71094,6.879498E-03,0.9657118,5.426477,107.7436,9.595788,20.19922,
23773.37,6.978164E-04,3.894299E-03,9.56255E-04,8.05319,21.23622,2.991372,9.638247,19.71094,7.071559E-03,0.9662554,5.429259,107.8064,9.595788,20.19922,
23773.66,1.364641E-03,5.702439E-03,2.665367E-03,8.295997,21.41081,2.914628,9.638247,19.71094,7.373656E-03,0.966593,5.434467,107.9118,9.595788,20.19922,
23773.96,8.243143E-04,3.466055E-03,4.303854E-03,8.569047,21.5611,2.870034,9.638247,19.71094,7.217606E-03,0.9665644,5.43536,107.8893,9.595788,20.19922,
23774.25,1.682693E-03,3.975869E-03,2.891365E-03,8.853329,21.76947,2.837981,9.595788,19.71094,7.117574E-03,0.966593,5.429642,107.8721,9.595788,20.19922,
23774.55,1.075503E-03,5.083865E-03,1.450626E-03,8.997631,21.88894,2.790288,9.638247,19.71094,7.209604E-03,0.9672967,5.435003,107.9189,9.595788,20.19922,
23774.84,7.502227E-04,2.256097E-03,0.0015495,9.208467,21.99273,2.798326,9.595788,19.71094,6.789469E-03,0.9667475,5.429629,107.7105,9.595788,20.19922,
23775.13,1.182123E-03,5.668451E-03,3.343361E-03,9.273273,22.09727,2.769129,9.595788,19.71094,7.533707E-03,0.966324,5.435246,107.7709,9.595788,20.19922,
23775.43,1.113452E-03,5.471323E-03,4.360354E-03,9.388195,22.11957,2.758138,9.638247,19.71094,6.723448E-03,0.9670964,5.435845,107.9112,9.595788,20.19922,
23775.72,7.104662E-04,5.049877E-03,2.001497E-03,10.05008,22.25402,2.704054,9.638247,19.71094,6.637421E-03,0.9671708,5.439164,107.9059,9.595788,20.19922,
23776.02,1.191158E-03,2.41244E-03,2.467618E-03,10.29894,22.37952,2.624211,9.638247,19.71094,6.649424E-03,0.9678116,5.438334,107.8532,9.595788,20.19922,
23776.31,1.046589E-03,5.600476E-03,2.566492E-03,10.521,22.43505,2.606829,9.638247,19.71094,6.847488E-03,0.9675428,5.438449,107.7691,9.595788,20.19922,
23776.63,6.27339E-04,1.664712E-03,2.114496E-03,10.43546,22.53903,2.602277,9.638247,19.71094,6.94952E-03,0.9682065,5.445801,108.1072,9.595788,20.19922,
23776.92,1.182123E-03,3.112584E-03,3.724733E-03,10.76813,22.54155,2.55565,9.638247,19.71094,6.905506E-03,0.9688644,5.444984,108.119,9.595788,20.19922,
23777.21,1.292356E-03,1.399609E-03,4.543977E-03,10.67049,22.5855,2.559814,9.638247,19.71094,6.017223E-03,0.9683781,5.445495,108.0894,9.595788,20.19922,
23777.51,1.32127E-03,1.134506E-03,3.258612E-03,10.83899,22.66245,2.540591,9.638247,19.71094,7.801793E-03,0.9697112,5.452298,108.2877,9.595788,20.19922,
23777.81,8.694921E-04,5.063472E-03,3.639984E-03,11.18116,22.73693,2.495707,9.638247,19.71094,6.749456E-03,0.9697341,5.449375,108.2173,9.595788,20.19922,
23778.1,7.484155E-04,3.194154E-03,1.987372E-03,11.59851,22.8017,2.431358,9.638247,19.71094,6.835484E-03,0.9698543,5.453051,108.3167,9.595788,20.19922,
23778.39,9.508121E-04,1.814258E-03,2.199245E-03,11.91218,22.82143,2.399789,9.638247,19.71094,7.319639E-03,0.9688759,5.450703,108.344,9.595788,20.19922,
23778.68,1.292356E-03,2.215311E-03,2.707741E-03,12.14289,22.86608,2.364395,9.638247,19.71094,6.419351E-03,0.9698314,5.451787,108.3635,9.595788,20.19922,
23778.98,1.080924E-03,2.691138E-03,2.834865E-03,12.14721,22.8675,2.381632,9.638247,19.71094,6.557395E-03,0.9701633,5.455834,108.3588,9.595788,20.19922,
23779.29,1.151402E-03,3.608803E-03,4.685226E-03,12.4384,22.85984,2.333455,9.595788,19.71094,6.845487E-03,0.9703692,5.457493,108.4458,9.595788,20.19922,
23779.57,1.189351E-03,2.201716E-03,4.671101E-03,12.72528,22.92535,2.319026,9.638247,19.71094,7.149584E-03,0.9711131,5.46173,108.5553,9.595788,20.19922,
23779.87,7.88172E-04,4.743989E-03,2.227495E-03,13.06054,22.96518,2.248093,9.638247,19.71094,7.32364E-03,0.9697627,5.459063,108.5577,9.595788,20.19922,
23780.15,9.309339E-04,4.642026E-03,4.854725E-03,13.34569,22.97024,2.217153,9.638247,19.71094,7.22961E-03,0.9702548,5.462803,108.5222,9.595788,20.19922,
23780.44,1.216458E-03,3.56122E-03,2.735991E-03,13.3189,23.03032,2.22001,9.638247,19.71094,6.503378E-03,0.9707812,5.459076,108.5216,9.595788,20.19922,
23780.75,1.438732E-03,3.969071E-03,2.368744E-03,13.80365,23.00728,2.202869,9.595788,19.71094,6.793471E-03,0.9704036,5.458437,108.5541,9.595788,20.19922,
23781.04,1.543545E-03,0.0052606,4.346229E-03,14.15706,23.07602,2.129853,9.638247,19.71094,6.521384E-03,0.9709529,5.464858,108.6358,9.595788,20.19922,
23781.32,1.109838E-03,4.125414E-03,1.535375E-03,14.20113,23.0752,2.12506,9.638247,19.71094,7.405666E-03,0.9726007,5.481157,108.7152,9.595788,20.19922,
23781.61,1.259828E-03,2.181324E-03,3.103238E-03,14.45776,23.04791,2.105596,9.638247,19.71094,6.747456E-03,0.9742714,5.482702,108.8318,9.595788,20.19922,
23781.9,1.138752E-03,1.56275E-03,4.487478E-03,14.83363,23.01439,2.087342,9.638247,19.71094,7.303634E-03,0.9765486,5.495759,109.0669,9.595788,20.19922,
23782.19,1.361027E-03,4.818761E-03,2.84899E-03,15.0799,23.0654,2.068313,9.638247,19.71094,6.033228E-03,0.9729211,5.474405,108.7904,9.595788,20.19922,
23782.49,1.581494E-03,0.0016987,1.464751E-03,14.99003,23.03838,2.056886,9.638247,19.71094,6.235292E-03,0.9736134,5.477673,108.8069,9.595788,20.19922,
23782.79,1.301392E-03,1.086923E-03,1.182253E-03,15.15853,23.09673,2.034178,9.638247,19.71094,7.799792E-03,0.9734589,5.479498,108.9135,9.595788,20.19922,
23783.08,1.057432E-03,1.576345E-03,1.351752E-03,15.38578,23.07745,2.042312,9.638247,19.71094,6.79147E-03,0.9732472,5.48094,108.8768,9.595788,20.19922,
23783.38,8.098574E-04,1.576345E-03,3.611734E-03,15.91201,23.12638,1.976511,9.638247,19.71094,7.069559E-03,0.9743458,5.489837,109.1154,9.595788,20.19922,
23783.69,6.707097E-04,1.773473E-03,3.258612E-03,16.22221,23.10107,1.953851,9.638247,19.71094,7.155586E-03,0.9756103,5.491585,109.1243,9.595788,20.19922,
23783.98,1.436925E-03,2.670745E-03,3.625859E-03,16.45292,23.09374,1.917536,9.638247,19.71094,6.731451E-03,0.9753242,5.496091,109.1936,9.595788,20.19922,
23784.28,1.431504E-03,4.777976E-03,4.247354E-03,16.57648,23.06466,1.943053,9.638247,19.71094,6.995535E-03,0.9773268,5.498478,109.3238,9.595788,20.19922,
23784.57,9.092485E-04,2.310477E-03,1.973247E-03,17.33428,23.10766,1.903979,9.638247,19.71094,6.159268E-03,0.9739338,5.48408,108.9828,9.595788,20.19922,
23784.85,1.138752E-03,5.253803E-03,2.792491E-03,17.75163,23.08755,1.80995,9.638247,19.71094,7.075561E-03,0.973602,5.482242,108.949,9.595788,20.19922,
23785.14,1.080924E-03,2.310477E-03,3.936607E-03,17.92272,23.09011,1.807432,9.638247,19.71094,6.981531E-03,0.9748035,5.485752,108.9271,9.595788,20.19922,
23785.45,7.357658E-04,0.0016987,4.75585E-03,18.47832,23.07405,1.749862,9.638247,19.71094,7.001537E-03,0.9750724,5.486506,108.9887,9.595788,20.19922,
23785.73,4.845771E-04,2.46682E-03,3.004364E-03,18.66583,23.08903,1.733448,9.638247,19.71094,6.539389E-03,0.9742199,5.486187,108.9567,9.595788,20.19922,
23786.02,7.990147E-04,1.882233E-03,1.591875E-03,19.00541,23.08716,1.702411,9.638247,19.71094,6.719447E-03,0.975164,5.483531,108.9461,9.595788,20.19922,
23786.32,8.785276E-04,2.208514E-03,4.416853E-03,19.78309,23.03895,1.67457,9.638247,19.71094,7.287628E-03,0.9742028,5.488471,109.0118,9.595788,20.19922,
23786.61,8.83949E-04,2.57558E-03,1.817873E-03,21.01008,23.08504,1.57904,9.638247,19.71094,6.527386E-03,0.9751526,5.490794,109.0923,9.595788,20.19922,
23786.9,1.14598E-03,2.126944E-03,2.142746E-03,21.64345,23.07635,1.501618,9.638247,19.71094,6.969527E-03,0.9750496,5.490513,109.1959,9.595788,20.19922,
23787.18,8.478067E-04,1.83465E-03,2.312244E-03,21.98131,23.10211,1.461963,9.638247,19.71094,7.143582E-03,0.9747577,5.489314,109.0905,9.595788,20.19922,
23787.47,1.301392E-03,3.64279E-03,5.292596E-03,22.80478,23.08239,1.448454,9.638247,19.71094,7.249616E-03,0.9758334,5.49156,109.2628,9.595788,20.19922,
23787.76,1.576073E-03,5.090662E-03,5.292596E-03,22.92056,23.08151,1.416642,9.638247,19.71094,6.557395E-03,0.9753757,5.489518,109.1243,9.595788,20.19922,
23788.05,1.245371E-03,3.330105E-03,3.964857E-03,23.2083,23.1431,1.397614,9.638247,19.71094,7.183595E-03,0.9759822,5.493002,109.1936,9.595788,20.19922,
23788.35,7.176946E-04,4.30215E-03,3.978982E-03,23.18238,23.09884,1.397468,9.595788,19.71094,6.773464E-03,0.9754444,5.491445,109.174,9.595788,20.19922,
23788.64,1.153209E-03,1.379217E-03,5.010098E-03,23.08474,23.13925,1.408169,9.638247,19.71094,6.769463E-03,0.9753013,5.491815,109.2113,9.595788,20.19922,
23788.93,1.361027E-03,2.018183E-03,2.26987E-03,23.33792,23.12212,1.400761,9.638247,19.71094,7.247616E-03,0.9769434,5.503315,109.4902,9.595788,20.19922,
23789.23,1.017675E-03,1.83465E-03,3.258612E-03,23.20226,23.13994,1.40323,9.638247,19.71094,7.235612E-03,0.9772124,5.50666,109.4298,9.595788,20.19922,
23789.54,8.586494E-04,2.024981E-03,5.349096E-03,23.37594,23.15903,1.39437,9.638247,19.71094,6.701441E-03,0.9775099,5.507706,109.4659,9.595788,20.19922,
23789.84,9.182841E-04,5.308182E-03,2.919615E-03,23.6775,23.12037,1.409476,9.638247,19.71094,6.579402E-03,0.9782251,5.511625,109.6713,9.595788,20.19922,
23790.16,8.893703E-04,4.281757E-03,6.041215E-03,24.0335,23.15255,1.344159,9.638247,19.71094,6.473368E-03,0.9802963,5.517547,109.8347,9.595788,20.19922,
23790.46,1.520052E-03,4.308947E-03,4.063731E-03,24.60811,23.14642,1.328423,9.638247,19.71094,6.10325E-03,0.9790605,5.517394,109.7986,9.595788,20.19922,
23790.75,5.677043E-04,4.682811E-03,2.863115E-03,24.12596,23.10905,1.330311,9.595788,19.71094,6.807475E-03,0.9799817,5.522831,110.0431,9.595788,20.19922,
23791.05,1.312235E-03,4.696406E-03,6.592086E-03,24.26508,23.11794,1.307167,9.638247,19.71094,7.269623E-03,0.9786828,5.515186,109.8703,9.595788,20.19922,
23791.35,1.098995E-03,1.073328E-03,3.498735E-03,24.36617,23.09499,1.329537,9.638247,19.71094,7.223608E-03,0.9806396,5.52638,110.1645,9.595788,20.19922,
23791.63,1.133331E-03,5.389753E-03,4.671101E-03,24.13719,23.08675,1.361881,9.638247,19.71094,6.581403E-03,0.9819842,5.529137,110.2515,9.595788,20.19922,
23791.94,1.523667E-03,4.845951E-03,3.230362E-03,24.36704,23.0661,1.365512,9.638247,19.71094,6.849488E-03,0.981166,5.532864,110.2948,9.595788,20.19922,
23792.25,8.821419E-04,1.399609E-03,2.072121E-03,25.3711,23.09497,1.331909,9.638247,19.71094,6.921512E-03,0.9820872,5.536616,110.3776,9.595788,20.19922,
23792.55,9.508121E-04,5.403348E-03,6.210714E-03,25.97855,23.1359,1.261072,9.638247,19.71094,6.649424E-03,0.9810859,5.529902,110.3528,9.595788,20.19922,
23792.87,7.972076E-04,2.337667E-03,4.20498E-03,26.38466,23.18658,1.229455,9.595788,19.71094,6.865493E-03,0.980714,5.531409,110.2379,9.595788,20.19922,
23793.17,1.431504E-03,3.194154E-03,7.312456E-03,26.49095,23.13093,1.192317,9.638247,19.71094,6.221288E-03,0.981515,5.529035,110.2125,9.595788,20.19922,
23793.46,5.803541E-04,3.935084E-03,6.945208E-03,26.49959,23.17296,1.229939,9.638247,19.71094,6.701441E-03,0.9811317,5.52666,110.232,9.595788,20.19922,
23793.76,1.398976E-03,1.773473E-03,5.44797E-03,26.64043,23.15444,1.194932,9.638247,19.71094,6.687437E-03,0.9810745,5.529162,110.3214,9.595788,20.19922,
23794.05,1.619444E-03,2.568782E-03,3.964857E-03,26.54971,23.15101,1.214445,9.638247,19.71094,6.587405E-03,0.9816238,5.528167,110.2444,9.595788,20.19922,
23794.36,7.737151E-04,3.044609E-03,5.165472E-03,26.56353,23.10681,1.198321,9.638247,19.71094,7.157587E-03,0.9811774,5.524465,110.2385,9.595788,20.19922,
23794.64,1.05201E-03,1.855043E-03,5.377346E-03,26.77437,23.12198,1.201372,9.638247,19.71094,6.773464E-03,0.9816924,5.527018,110.3013,9.595788,20.19922,
23794.93,9.79726E-04,2.004588E-03,7.905701E-03,27.28936,23.1691,1.15305,9.638247,19.71094,6.51138E-03,0.9802391,5.521389,110.1408,9.595788,20.19922,
23795.22,1.706185E-03,6.178945E-04,8.753194E-03,28.82829,23.12816,1.143463,9.638247,19.71094,6.807475E-03,0.9754787,5.493436,109.7584,9.595788,20.19922,
23795.52,9.743046E-04,3.792336E-03,1.003856E-02,30.20218,23.17484,1.064346,9.638247,19.71094,6.587405E-03,0.9750953,5.486442,109.6346,9.595788,20.19922,
23795.81,1.585109E-03,4.444898E-03,1.219967E-02,30.73704,23.15545,1.01002,9.638247,19.71094,6.427354E-03,0.9750324,5.488445,109.5967,9.595788,20.19922,
23796.1,7.809435E-04,4.771179E-03,1.406415E-02,30.88393,23.13076,0.9616004,9.638247,19.71094,7.251617E-03,0.9771723,5.494508,109.74,9.595788,20.19922,
23796.37,1.263443E-03,4.206984E-03,1.090018E-02,31.35054,23.14999,0.9635856,9.638247,19.71094,7.371655E-03,0.9778646,5.505792,109.9212,9.595788,20.19922,
23796.67,2.015201E-03,1.114113E-03,1.262341E-02,31.50521,23.1575,0.9854226,9.638247,19.71094,8.211924E-03,0.9784997,5.513884,110.1763,9.595788,20.19922,
23796.96,1.314042E-03,1.719092E-03,1.845699E-02,33.36471,23.18445,0.9165224,9.638247,19.71094,6.647424E-03,0.9804279,5.517458,110.1846,9.595788,20.19922,
23797.25,4.936127E-04,3.540828E-03,0.0207311,33.55135,23.1383,0.8563376,9.638247,19.71094,6.689437E-03,0.9803135,5.514101,110.0946,9.595788,20.19922,
23797.57,9.706903E-04,1.787068E-03,0.0204486,33.88229,23.16014,0.8296588,9.638247,19.71094,7.459683E-03,0.9804451,5.519462,110.1355,9.595788,20.19922,
23797.84,1.341148E-03,1.685105E-03,2.003898E-02,33.37681,23.09716,0.8657309,9.638247,19.71094,6.281307E-03,0.978431,5.500469,109.9804,9.595788,20.19922,
23798.13,9.255126E-04,-5.240887E-04,2.131022E-02,33.95229,23.10756,0.8630679,9.638247,19.71094,8.606049E-03,0.9772238,5.500265,109.8886,9.595788,20.19922,
23798.42,1.33392E-03,4.669216E-03,2.570306E-02,34.97968,23.1391,0.8292714,9.638247,19.71094,6.535388E-03,0.976623,5.494917,109.901,9.595788,20.19922,
23798.72,7.429942E-04,2.378452E-03,3.008178E-02,35.9535,23.16205,0.7940708,9.638247,19.71094,6.683435E-03,0.976766,5.499231,109.856,9.595788,20.19922,
23799.02,1.619444E-03,2.188121E-03,3.913583E-02,37.10964,23.16961,0.7312714,9.638247,19.71094,7.145583E-03,0.9779047,5.498555,109.9111,9.595788,20.19922,
23799.31,7.411871E-04,2.997026E-03,0.0498425,38.63733,23.14788,0.7047379,9.638247,19.71094,6.671431E-03,0.9780363,5.502052,110.0425,9.595788,20.19922,
23799.61,1.418854E-03,5.532501E-03,4.906563E-02,38.23553,23.11463,0.7066746,9.638247,19.71094,7.033547E-03,0.9783738,5.502626,110.036,9.595788,20.19922,
23799.92,9.417766E-04,2.677543E-03,0.0563117,38.7799,23.12751,0.697233,9.638247,19.71094,7.183595E-03,0.9791005,5.506825,110.1177,9.595788,20.19922,
23800.2,6.869737E-04,6.790722E-04,0.065394,41.27623,23.11526,0.6420354,9.638247,19.71094,6.22729E-03,0.9789804,5.512059,110.2776,9.595788,20.19922,
23800.51,1.599565E-03,2.174526E-03,7.456106E-02,41.49398,23.14655,0.6430037,9.595788,19.71094,5.957203E-03,0.9787515,5.508,110.1171,9.595788,20.19922,
23800.8,1.47126E-03,4.46529E-03,8.050764E-02,43.11673,23.17161,0.6335136,9.638247,19.71094,7.151585E-03,0.9794953,5.511676,110.097,9.595788,20.19922,
23801.08,1.109838E-03,4.003059E-03,7.772503E-02,42.23104,23.18251,0.6549632,9.638247,19.71094,6.877497E-03,0.9800045,5.516347,110.2711,9.595788,20.19922,
23801.37,1.42789E-03,2.290084E-03,6.951847E-02,42.44188,23.16786,0.6868713,9.638247,19.71094,7.283627E-03,0.9804336,5.516973,110.2273,9.595788,20.19922,
23801.67,1.180315E-03,4.077832E-03,0.0789539,44.16572,23.137,0.6664385,9.638247,19.71094,7.477689E-03,0.9812003,5.5189,110.4487,9.595788,20.19922,
23801.98,1.277899E-03,2.527997E-03,0.1043504,47.17877,23.14421,0.6152596,9.638247,19.71094,7.299632E-03,0.9807426,5.516411,110.4469,9.595788,20.19922,
23802.27,7.466084E-04,4.587646E-03,0.1399028,50.08208,23.14363,0.5899366,9.638247,19.71094,6.357331E-03,0.9799874,5.516067,110.2877,9.595788,20.19922,
23802.57,1.323077E-03,4.478885E-03,0.1940859,53.79072,23.13855,0.5153229,9.638247,19.71094,7.213605E-03,0.981372,5.516781,110.3729,9.595788,20.19922,
23802.87,1.563423E-03,7.048347E-03,0.2735101,58.41874,23.12535,0.4802676,9.638247,19.71094,6.251297E-03,0.9804165,5.515033,110.2853,9.595788,20.19922,
23803.19,1.010447E-03,8.217521E-03,0.3899416,63.51768,23.16383,0.3932103,9.638247,19.71094,6.905506E-03,0.9811374,5.515467,110.3025,9.595788,20.19922,
23803.48,4.737345E-04,1.034514E-02,0.5499907,69.23357,23.16304,0.3477933,9.595788,19.71094,6.847488E-03,0.9808685,5.518058,110.3605,9.595788,20.19922,
23803.79,1.368255E-03,1.809432E-02,0.7708616,74.78616,23.16682,0.3192746,9.638247,19.71094,6.995535E-03,0.9803764,5.513526,110.2202,9.595788,20.19922,
23804.07,1.982673E-03,3.092803E-02,1.06449,79.54724,23.1486,0.2445157,9.638247,19.71094,6.367334E-03,0.9805252,5.50897,110.0337,9.595788,20.19922,
23804.37,1.64655E-03,4.945807E-02,1.313766,82.94653,23.11475,0.2152223,9.638247,19.71094,6.961524E-03,0.979604,5.505626,109.9727,9.595788,20.19922,
23804.67,1.131523E-03,0.0630735,1.502799,86.30608,23.15448,0.1900444,9.638247,19.71094,7.129578E-03,0.9824992,5.524018,110.0757,9.595788,20.19922,
23804.96,1.142366E-03,8.791164E-02,1.732964,87.29027,23.17708,0.1972588,9.638247,19.71094,6.777465E-03,0.9845933,5.536578,110.3042,9.595788,20.19922,
23805.26,2.447101E-03,0.1895889,2.453447,95.73666,23.18402,0.1610414,9.638247,19.71094,7.439677E-03,0.985114,5.543662,110.4564,9.595788,20.19922,
23805.55,4.523473E-03,0.4221592,3.451201,100.0726,23.17287,9.340017E-02,9.638247,19.71094,6.925513E-03,0.9858292,5.542079,110.3694,9.595788,20.19922,
23805.85,5.519192E-03,0.5193502,3.77469,100.5297,23.15948,4.333496E-02,9.638247,19.71094,0.0065714,0.9846104,5.529877,110.0787,9.595788,20.19922,
23806.14,4.668042E-03,0.4961366,3.727216,101.704,23.15867,2.464525E-02,9.638247,19.71094,6.869495E-03,0.9850625,5.538276,110.1213,9.595788,20.19922,
23806.43,4.771047E-03,0.4779465,3.690887,102.257,23.17426,5.064623E-02,9.638247,19.71094,7.353649E-03,0.9823561,5.518173,109.9312,9.595788,20.19922,
23806.73,5.427029E-03,0.5360041,3.914498,105.2839,23.13889,1.651086E-02,9.638247,19.71094,7.375657E-03,0.979461,5.502422,109.4931,9.595788,20.19922,
23807.04,6.641408E-03,0.6560211,4.174241,102.2933,23.1476,6.97233E-03,9.638247,19.71094,7.669751E-03,0.9805824,5.502448,109.4736,9.595788,20.19922,
23807.31,6.699236E-03,0.6959633,4.336027,104.8398,23.14901,3.379643E-02,9.638247,19.71094,6.243295E-03,0.9799016,5.503226,109.4025,9.595788,20.19922,
23807.61,7.111258E-03,0.7378428,4.390295,105.722,23.17182,2.929347E-02,9.638247,19.71094,8.642061E-03,0.9798501,5.505332,109.5227,9.595788,20.19922,
23807.92,6.970303E-03,0.7876822,4.609739,107.4259,23.14258,-6.536559E-03,9.638247,19.71094,6.815478E-03,0.9818068,5.512429,109.4091,9.595788,20.19922,
23808.2,7.899159E-03,0.8169999,4.635757,105.6079,23.14251,-5.810275E-04,9.638247,19.71094,6.577401E-03,0.9837865,5.522104,109.6358,9.595788,20.19922,
23808.49,0.0080112,0.8193586,4.698189,108.0515,23.17623,-8.763831E-03,9.638247,19.71094,6.387341E-03,0.9850682,5.526175,109.653,9.595788,20.19922,
23808.78,7.87928E-03,0.8537337,4.76952,107.4164,23.13294,1.408992E-02,9.638247,19.71094,6.581403E-03,0.984599,5.525486,109.6761,9.595788,20.19922,
23809.08,8.448521E-03,0.8571665,4.745409,106.2724,23.1136,-2.832509E-02,9.638247,19.71094,6.789469E-03,0.9850682,5.527197,109.618,9.595788,20.19922,
23809.39,8.096134E-03,0.826802,4.723642,108.2805,23.09587,-2.391896E-02,9.595788,19.71094,6.445359E-03,0.9847993,5.523355,109.5381,9.595788,20.19922,
23809.67,8.296723E-03,0.8185701,4.695209,107.6808,23.0953,-6.778654E-03,9.638247,19.71094,6.457363E-03,0.982482,5.512467,109.4736,9.595788,20.19922,
23809.99,8.186489E-03,0.8270127,4.677793,106.2905,23.09205,1.205632E-02,9.638247,19.71094,6.467366E-03,0.9823218,5.509059,109.473,9.595788,20.19922,
23810.28,7.817838E-03,0.8416817,4.732682,107.2756,23.12188,-3.873516E-04,9.638247,19.71094,6.669431E-03,0.9821044,5.509697,109.4357,9.595788,20.19922,
23810.58,8.269616E-03,0.8624141,4.804211,108.0783,23.13449,-2.953556E-03,9.638247,19.71094,6.871495E-03,0.982648,5.511906,109.4014,9.595788,20.19922,
23810.89,8.341901E-03,0.8952529,4.908283,109.1498,23.13701,-2.953556E-03,9.638247,19.71094,7.057555E-03,0.9836206,5.513731,109.4049,9.595788,20.19922,
23811.17,8.74308E-03,0.8759412,4.851713,108.487,23.13375,-4.793476E-03,9.638247,19.71094,7.275625E-03,0.9834833,5.514829,109.4469,9.595788,20.19922,
23811.46,8.018428E-03,0.8353872,4.763093,109.0824,23.08576,-9.102764E-03,9.638247,19.71094,6.94752E-03,0.9836034,5.513845,109.3895,9.595788,20.19922,
23811.75,7.960601E-03,0.8125815,4.66371,106.9922,23.0955,2.808299E-03,9.638247,19.71094,6.897504E-03,0.9834776,5.514739,109.341,9.595788,20.19922,
23812.05,8.222632E-03,0.821058,4.696946,107.2462,23.1022,3.549109E-02,9.638247,19.71094,7.363653E-03,0.9839067,5.512429,109.399,9.595788,20.19922,
23812.36,7.637127E-03,0.782387,4.604598,107.527,23.11974,2.387054E-02,9.638247,19.71094,7.107571E-03,0.9838952,5.512263,109.3694,9.595788,20.19922,
23812.66,7.946144E-03,0.7723946,4.537758,105.4628,23.1221,-1.258893E-02,9.638247,19.71094,6.945519E-03,0.9846276,5.511931,109.248,9.595788,20.19922,
23812.95,7.140172E-03,0.7650329,4.559073,106.6491,23.16197,8.521736E-03,9.638247,19.71094,7.089565E-03,0.9833918,5.512722,109.277,9.595788,20.19922,
23813.25,7.331726E-03,0.7516418,4.498632,105.741,23.1637,5.616599E-03,9.638247,19.71094,7.177593E-03,0.9847192,5.511714,109.2232,9.595788,20.19922,
23813.54,7.465452E-03,0.7567399,4.566263,108.3159,23.1682,2.082015E-02,9.638247,19.71094,6.745455E-03,0.9852513,5.520189,109.2989,9.595788,20.19922,
23813.85,8.800908E-03,0.8919629,4.989656,112.3581,23.1541,-1.370256E-02,9.638247,19.71094,6.645423E-03,0.9878375,5.536195,109.5772,9.595788,20.19922,
23814.13,9.946617E-03,1.005617,5.393388,117.7647,23.16498,-2.968082E-02,9.638247,19.71094,7.045551E-03,0.9886385,5.536361,109.6749,9.595788,20.19922,
23814.45,1.046707E-02,1.073307,5.686395,122.1663,23.12425,-4.657903E-02,9.638247,19.71094,7.215606E-03,0.9878718,5.535583,109.5571,9.595788,20.19922,
23814.74,9.592423E-03,1.040978,5.610728,121.8872,23.14156,-0.0564565,9.638247,19.71094,5.66711E-03,0.9895883,5.53811,109.7098,9.595788,20.19922,
23815.05,1.076705E-02,1.12764,6.057258,130.1729,23.15751,-6.371935E-02,9.638247,19.71094,6.065238E-03,0.987826,5.534255,109.4771,9.595788,20.19922,
23815.36,1.140857E-02,1.299264,6.922026,147.5003,23.15946,-9.461064E-02,9.638247,19.71094,7.145583E-03,0.9885012,5.530719,109.4777,9.595788,20.19922,
23815.64,0.01355,1.455416,7.713006,164.6748,23.15824,-7.156321E-02,9.638247,19.71094,6.16527E-03,0.9886214,5.536476,109.5381,9.595788,20.19922,
23815.93,1.374155E-02,1.496643,7.94125,169.3702,23.19871,-0.0648814,9.595788,19.71094,6.587405E-03,0.9889017,5.536629,109.4777,9.595788,20.19922,
23816.22,0.0138048,1.5034,7.993865,169.2415,23.17986,-6.241203E-02,9.638247,19.71094,7.091566E-03,0.9891649,5.536718,109.5405,9.595788,20.19922,
23816.54,1.344338E-02,1.518232,8.062611,171.1831,23.19195,-8.826775E-02,9.638247,19.71094,7.421671E-03,0.9895082,5.53714,109.5363,9.595788,20.19922,
23816.83,1.399636E-02,1.517417,8.068133,170.4849,23.16608,-9.722526E-02,9.638247,19.71094,6.745455E-03,0.986716,5.521427,109.2995,9.595788,20.19922,
23817.13,1.398551E-02,1.532351,8.123362,172.0229,23.13492,-0.0490484,9.595788,19.71094,6.839485E-03,0.9863098,5.523227,109.2818,9.595788,20.19922,
23817.43,1.443187E-02,1.532541,8.135114,171.7197,23.17757,-5.403555E-02,9.638247,19.71094,7.181595E-03,0.9863727,5.523852,109.4375,9.595788,20.19922,
23817.72,1.371445E-02,1.531168,8.134195,172.0186,23.20526,-4.643378E-02,9.638247,19.71094,7.349648E-03,0.988175,5.528129,109.3499,9.595788,20.19922,
23818.02,0.0144644,1.539672,8.177658,172.576,23.14387,-5.238931E-02,9.595788,19.71094,6.585404E-03,0.9878146,5.527567,109.4706,9.595788,20.19922,
23818.33,1.387167E-02,1.542656,8.184255,173.1825,23.13904,-4.808002E-02,9.595788,19.71094,6.809476E-03,0.9854401,5.513233,109.3126,9.595788,20.19922,
23818.62,1.415357E-02,1.544097,8.185738,173.4081,23.14961,-6.202468E-02,9.595788,19.71094,7.445679E-03,0.9829798,5.498159,108.9425,9.595788,20.19922,
23818.92,1.399997E-02,1.542812,8.177573,173.1618,23.13294,-6.342883E-02,9.595788,19.71094,6.835484E-03,0.9851311,5.510603,109.1278,9.595788,20.19922,
23819.21,1.417526E-02,1.540984,8.183506,173.4832,23.13124,-6.449405E-02,9.638247,19.71094,6.615414E-03,0.9858635,5.514458,109.2243,9.595788,20.19922,
23819.49,0.0141102,1.536008,8.141851,172.9302,23.08044,-2.348319E-02,9.638247,19.71094,7.445679E-03,0.9862182,5.515952,109.2261,9.595788,20.19922,
23819.78,1.390961E-02,1.533894,8.14647,172.8343,23.10388,-4.333496E-02,9.638247,19.71094,6.771463E-03,0.9862354,5.518734,109.309,9.595788,20.19922,
23820.08,1.419152E-02,1.536912,8.146922,173.0149,23.10128,-4.231817E-02,9.638247,19.71094,6.587405E-03,0.9879062,5.519181,109.2504,9.595788,20.19922,
23820.37,0.0139313,1.533615,8.147162,172.7877,23.08857,-3.258596E-02,9.638247,19.71094,6.91751E-03,0.9877917,5.523252,109.3889,9.595788,20.19922,
23820.66,1.367107E-02,1.533411,8.141499,172.8067,23.10052,-1.544565E-02,9.638247,19.71094,6.431355E-03,0.988484,5.52555,109.264,9.595788,20.19922,
23820.95,0.0144391,1.535851,8.14979,172.8239,23.09851,-4.406125E-02,9.638247,19.71094,7.017542E-03,0.9881121,5.526392,109.3037,9.595788,20.19922,
7/23/2018 6:37:01 AM,  Comment: JTS MC Rondaxe 2 cloudy but calm
23821.23,1.407225E-02,1.534485,8.148165,172.7885,23.14345,-3.820255E-02,9.638247,19.71094,6.879498E-03,0.9893022,5.531077,109.3907,9.595788,20.19922,
23821.52,1.416622E-02,1.535192,8.148434,172.7358,23.15015,-1.287944E-02,9.638247,19.71094,6.957523E-03,0.990212,5.531805,109.4653,9.595788,20.19922,
23821.81,1.414092E-02,1.534417,8.127416,172.4653,23.1269,-1.050691E-02,9.638247,19.71094,6.76146E-03,0.989943,5.532175,109.4286,9.595788,20.19922,
23822.13,1.398551E-02,1.53439,8.1288,172.372,23.15204,-3.776678E-03,9.638247,19.71094,6.995535E-03,0.9898686,5.539667,109.4446,9.595788,20.19922,
7/23/2018 6:37:02 AM,  Recording terminated by user.
