LoggerLight version 1.3.0, 7/17/2018 8:45:05 AM, rapid sampling mode. Time is number of seconds past midnight of 7/17/2018, Warning: probe Edz305nm, calibrated 4/5/2012 This is identified by tag a
 Probe S/N  BIC2104P-1011   , calibrated 4/5/2012 with 2 picAD channels and 6 high resolution AD channels. This is identified by tag "a"
 Probe S/N  BIC2104R-1011   , calibrated 4/30/2018 with 2 picAD channels and 4 high resolution AD channels. This is identified by tag "b"
ScaleFactor,0.264714,0.069044,0.032916,0.000521,9.691656E-02,6.155094E-03,0.23,0.01,0.148964,5.208686E-02,2.334893E-02,5.0338E-04,0.23,0.01,
Offset+FO,0.1933315,0.1934529,0.1924036,0.1938019,0.4814327,5.478472E-02,0,0.965,0.1939131,0.1940993,0.1930202,0.1932678,0,0.965,
Units,ｵWatts/cmｲ/nm,ｵWatts/cmｲ/nm,ｵWatts/cmｲ/nm,ｵEinsteins/mｲ/s,ｰC,meters,v.,ｰC,ｵWatts/cmｲ/nm,ｵWatts/cmｲ/nm,ｵWatts/cmｲ/nm,ｵEinsteins/mｲ/s,v.,ｰC,
Immersion,0.623,0.635,0.641,0.662,n/a,n/a,n/a,n/a,n/a,n/a,n/a,n/a,n/a,n/a,
Cal Date,4/5/2012,4/5/2012,4/5/2012,4/5/2012,4/5/2012,4/5/2012,4/5/2012,4/5/2012,4/30/2018,4/30/2018,4/30/2018,4/30/2018,4/30/2018,4/30/2018,
Tag Address,a,a,a,a,a,a,a,a,b,b,b,b,b,b,
Time,Edz305nm,Edz320nm,Edz380nm,EdzPAR,WaterTemp,Depth,Vin_a,uItemp_a,Ed0305nm,Ed0320nm,Ed0380nm,Ed0PAR,Vin_b,uItemp_b,
31505.74,2.731839E-02,1.142479,3.816471,74.11044,23.99493,2.987449E-02,9.638247,19.71094,1.912541E-02,0.9085582,3.158741,61.02721,9.595788,20.19922,
31506.02,2.685938E-02,1.141785,3.814056,73.96873,24.13784,2.721145E-02,9.638247,19.71094,1.892535E-02,0.9052224,3.151708,60.97096,9.617018,20.19922,
31506.34,2.724791E-02,1.152213,3.846656,74.62112,24.29166,-4.406125E-03,9.638247,19.71094,1.894535E-02,0.9042269,3.144714,60.82887,9.595788,20.19922,
31506.63,2.747018E-02,1.167575,3.894567,75.57679,24.38465,2.193379E-02,9.638247,19.71094,1.924745E-02,0.9013432,3.134937,60.57074,9.595788,20.19922,
31506.93,2.764005E-02,1.172802,3.918679,75.9302,24.45942,4.585275E-02,9.638247,19.71094,1.914742E-02,0.8981391,3.126347,60.41029,9.595788,20.19922,
31507.24,2.752982E-02,1.172911,3.920515,75.95699,24.55325,1.743082E-02,9.638247,19.71094,1.870728E-02,0.8962452,3.117884,60.3061,9.617018,20.19922,
31507.53,2.807738E-02,1.169703,3.900712,75.59579,24.65265,1.307312E-02,9.638247,19.71094,1.856523E-02,0.893207,3.110762,60.15808,9.595788,20.19922,
31507.81,2.701118E-02,1.158922,3.871022,74.96502,24.66422,8.231223E-03,9.638247,19.71094,1.880331E-02,0.8913817,3.103104,59.9485,9.595788,20.19922,
31508.1,0.0272443,1.146387,3.829522,74.09921,24.69814,4.861263E-02,9.638247,19.71094,1.907539E-02,0.8885667,3.093684,59.83661,9.595788,20.19922,
31508.4,2.665518E-02,1.138135,3.804465,73.70951,24.72567,3.074604E-02,9.638247,19.71094,1.906339E-02,0.8861865,3.085477,59.5613,9.595788,20.19922,
31508.69,0.0270672,1.13753,3.804197,73.77691,24.69599,9.974305E-03,9.638247,19.71094,1.858324E-02,0.8839665,3.074053,59.33337,9.595788,20.19922,
31509,2.691359E-02,1.141901,3.814211,73.99725,24.73852,0.0584901,9.638247,19.71094,1.837917E-02,0.8793777,3.062451,59.09832,9.595788,20.19922,
31509.3,2.726959E-02,1.142526,3.823265,73.99812,24.78622,5.781223E-02,9.638247,19.71094,1.834716E-02,0.8760649,3.048155,58.86625,9.595788,20.19922,
31509.59,2.707081E-02,1.142336,3.813802,73.9359,24.78668,3.863833E-02,9.638247,19.71094,1.776498E-02,0.8744857,3.044964,58.82895,9.595788,20.19922,
31509.89,2.711599E-02,1.13668,3.798829,73.48399,24.7943,1.515513E-02,9.638247,19.71094,1.856923E-02,0.8726147,3.03959,58.67324,9.595788,20.19922,
31510.19,0.0270166,1.129455,3.777162,73.06664,24.79338,2.203062E-02,9.595788,19.71094,1.802706E-02,0.8698912,3.030796,58.58147,9.595788,20.19922,
31510.5,2.681601E-02,1.123384,3.751567,72.69335,24.7984,1.162055E-02,9.638247,19.71094,1.835516E-02,0.8676197,3.025371,58.44589,9.595788,20.19922,
31510.78,2.672927E-02,1.120394,3.738035,72.31834,24.78234,1.166897E-02,9.638247,19.71094,1.833916E-02,0.8669331,3.018619,58.30735,9.595788,20.19922,
31511.09,2.649073E-02,1.116961,3.730719,72.27254,24.80436,4.067192E-02,9.638247,19.71094,1.831915E-02,0.86453,3.01299,58.07113,9.595788,20.19922,
31511.38,2.588354E-02,1.115207,3.731114,72.31316,24.79248,4.362548E-02,9.638247,19.71094,1.799505E-02,0.8627678,3.006417,58.03502,9.595788,20.19922,
31511.66,2.659554E-02,1.115921,3.731962,72.33907,24.80708,2.328952E-02,9.595788,19.71094,1.823513E-02,0.8605821,2.996755,57.95272,9.595788,20.19922,
31511.97,2.573897E-02,1.114582,3.725888,72.08418,24.80034,2.454841E-02,9.638247,19.71094,1.812709E-02,0.8587168,2.992402,57.77392,9.595788,20.19922,
31512.27,2.638411E-02,1.111856,3.717187,71.91481,24.78449,4.16403E-03,9.638247,19.71094,1.793103E-02,0.8564053,2.987156,57.57204,9.595788,20.19922,
31512.57,2.567391E-02,1.107485,3.700802,71.63053,24.72936,2.111067E-02,9.638247,19.71094,1.843719E-02,0.8546945,2.980366,57.44534,9.595788,20.19922,
31512.86,2.621063E-02,1.102033,3.684629,71.36094,24.76596,2.987449E-02,9.638247,19.71094,1.736285E-02,0.8528979,2.973665,57.28667,9.595788,20.19922,
31513.16,2.592149E-02,1.09928,3.672298,71.15701,24.76115,1.113636E-02,9.638247,19.71094,1.803706E-02,0.8517936,2.965292,57.2624,9.595788,20.19922,
31513.46,2.595944E-02,1.095535,3.662623,70.88483,24.83771,2.154643E-02,9.638247,19.71094,1.772696E-02,0.8487669,2.95928,57.09485,9.595788,20.19922,
31513.75,2.585643E-02,1.095161,3.656648,70.68523,24.78469,3.428062E-02,9.595788,19.71094,1.780299E-02,0.8464038,2.952694,57.02084,9.595788,20.19922,
31514.05,5.563042E-02,1.12698,3.684644,70.60055,24.77478,3.118181E-02,9.638247,19.71094,4.056426E-02,0.8728836,2.966862,56.68101,9.595788,20.19922,
31514.36,2.810087E-02,1.091375,3.64063,70.3465,24.77612,4.115611E-02,9.638247,19.71094,2.028978E-02,0.8435659,2.928902,56.52057,9.595788,20.19922,
31514.66,2.566849E-02,1.084747,3.626873,70.11926,24.72003,4.435176E-02,9.638247,19.71094,1.712077E-02,0.8379071,2.921805,56.30447,9.595788,20.19922,
31514.96,2.507034E-02,1.08107,3.619471,69.9257,24.76712,9.054344E-03,9.638247,19.71094,1.742487E-02,0.8346973,2.914849,56.20974,9.595788,20.19922,
31515.25,2.540285E-02,1.077943,3.604852,69.65092,24.7391,1.791501E-02,9.638247,19.71094,1.727882E-02,0.8338047,2.908875,56.08837,9.595788,20.19922,
31515.54,2.515889E-02,1.074538,3.593905,69.57143,24.73229,5.340611E-02,9.638247,19.71094,1.693471E-02,0.831825,2.904012,55.96463,9.595788,20.19922,
31515.82,2.493119E-02,1.071818,3.588411,69.37269,24.77821,4.435176E-02,9.638247,19.71094,0.0172208,0.8299426,2.89578,55.84919,9.595788,20.19922,
31516.13,2.529804E-02,1.072689,3.588128,69.34936,24.77934,4.396441E-02,9.638247,19.71094,1.688069E-02,0.8288211,2.889564,55.68993,9.595788,20.19922,
31516.43,2.487156E-02,1.070248,3.579695,69.24567,24.75697,4.430334E-02,9.638247,19.71094,1.692071E-02,0.8262235,2.883679,55.57034,9.595788,20.19922,
31516.72,2.490228E-02,1.068223,3.572972,69.01496,24.75426,5.471342E-02,9.638247,19.71094,1.682668E-02,0.825062,2.877566,55.45074,9.595788,20.19922,
31517.02,2.463483E-02,1.064803,3.563805,68.87584,24.76576,2.939031E-02,9.638247,19.71094,1.686469E-02,0.8237289,2.874004,55.3418,9.595788,20.19922,
31517.33,2.514985E-02,1.064831,3.554087,68.6892,24.78883,5.113042E-02,9.638247,19.71094,1.748689E-02,0.8222641,2.86849,55.31575,9.595788,20.19922,
31517.62,2.438906E-02,1.058203,3.542377,68.44553,24.75864,-5.810275E-03,9.638247,19.71094,1.695672E-02,0.8192946,2.862134,55.14643,9.595788,20.19922,
31517.92,2.512997E-02,1.056483,3.533719,68.24247,24.75569,4.018773E-02,9.638247,19.71094,1.706675E-02,0.8184821,2.856595,55.00375,9.595788,20.19922,
31518.21,2.466916E-02,1.05301,3.527207,68.01435,24.76395,4.212449E-02,9.595788,19.71094,1.676266E-02,0.817498,2.854705,54.98717,9.595788,20.19922,
31518.49,2.451194E-02,1.053057,3.520413,68.04719,24.75517,4.125295E-02,9.638247,19.71094,0.0162705,0.816325,2.848094,54.83501,9.595788,20.19922,
31518.78,2.407281E-02,1.052024,3.521713,67.93486,24.75342,4.696639E-03,9.638247,19.71094,1.703674E-02,0.8143053,2.842363,54.82376,9.595788,20.19922,
31519.09,2.460049E-02,1.051093,3.51886,67.93918,24.81241,2.212746E-02,9.638247,19.71094,1.678266E-02,0.8134585,2.838495,54.70713,9.595788,20.19922,
31519.39,2.387222E-02,1.045342,3.500695,67.57453,24.761,2.430632E-02,9.638247,19.71094,1.679667E-02,0.8111126,2.833262,54.61951,9.595788,20.19922,
31519.68,2.448845E-02,1.045295,3.498859,67.59182,24.75411,-3.437746E-03,9.638247,19.71094,1.697472E-02,0.8103058,2.830492,54.47801,9.595788,20.19922,
31519.98,2.439087E-02,1.044153,3.499833,67.54688,24.73784,6.149207E-03,9.595788,19.71094,1.684668E-02,0.8086523,2.82383,54.43539,9.595788,20.19922,
31520.27,2.461133E-02,1.044411,3.494141,67.41209,24.77748,3.897726E-02,9.638247,19.71094,1.670464E-02,0.8069987,2.821315,54.32645,9.595788,20.19922,
31520.55,2.486794E-02,1.040237,3.489155,67.26606,24.75984,2.779248E-02,9.638247,19.71094,1.671664E-02,0.806438,2.817741,54.22935,9.595788,20.19922,
31520.86,2.443785E-02,1.038851,3.479946,67.21335,24.77835,3.195651E-02,9.638247,19.71094,1.650257E-02,0.8047673,2.813184,54.13759,9.595788,20.19922,
31521.16,2.377645E-02,1.041223,3.489974,67.23063,24.72855,3.510374E-02,9.638247,19.71094,1.629851E-02,0.8040463,2.806113,53.97714,9.595788,20.19922,
31521.45,2.459507E-02,1.041753,3.490017,67.41209,24.77539,4.372232E-02,9.638247,19.71094,0.0162805,0.8025816,2.80282,53.91912,9.595788,20.19922,
31521.75,2.420112E-02,1.038653,3.482403,67.04313,24.83357,3.607212E-02,9.638247,19.71094,1.624849E-02,0.8012199,2.800076,53.88715,9.595788,20.19922,
31522.05,2.428967E-02,1.039612,3.473406,67.06991,24.77594,3.113339E-02,9.595788,19.71094,1.672865E-02,0.8014086,2.797766,53.8019,9.595788,20.19922,
31522.34,2.381801E-02,1.032209,3.460849,66.69058,24.76015,4.556224E-02,9.638247,19.71094,1.634852E-02,0.7996864,2.793643,53.79183,9.595788,20.19922,
31522.66,2.403306E-02,1.028545,3.444082,66.51776,24.75754,5.200196E-02,9.638247,19.71094,1.641655E-02,0.79805,2.789188,53.70066,9.595788,20.19922,
31522.96,1.744252E-02,0.7684249,2.67453,53.34053,24.75604,8.090807E-02,9.595788,19.71094,1.616246E-02,0.7973062,2.78624,53.64382,9.595788,20.19922,
31523.26,1.258862E-02,0.5451875,2.006154,42.22932,24.75175,8.187645E-02,9.638247,19.71094,1.613045E-02,0.7966197,2.781658,53.47154,9.595788,20.19922,
31523.57,1.323375E-02,0.5769184,2.048783,42.30708,24.78196,6.754445E-02,9.638247,19.71094,1.655059E-02,0.7944969,2.777024,53.45555,9.595788,20.19922,
31523.86,1.315605E-02,0.5765513,2.105014,44.13202,24.73758,4.483595E-02,9.638247,19.71094,1.612245E-02,0.7935414,2.77405,53.30872,9.595788,20.19922,
31524.14,1.317412E-02,0.5550439,1.993964,41.79036,24.76612,7.112744E-02,9.638247,19.71094,1.636853E-02,0.7929292,2.769443,53.23886,9.595788,20.19922,
31524.43,1.319942E-02,0.5432571,1.932803,40.2402,24.7814,6.943278E-02,9.638247,19.71094,1.576834E-02,0.7914873,2.765792,53.15834,9.595788,20.19922,
31524.73,1.219828E-02,0.5413741,1.981732,41.8664,24.7409,8.400688E-02,9.638247,19.71094,1.567231E-02,0.7900512,2.762371,53.06421,9.595788,20.19922,
31525.02,1.307292E-02,0.5477162,1.982438,41.62532,24.76316,0.103084,9.638247,19.71094,1.616847E-02,0.7901313,2.759602,53.04763,9.595788,20.19922,
31525.32,1.282715E-02,0.5459489,2.013117,42.93527,24.77989,9.281914E-02,9.638247,19.71094,1.585237E-02,0.7886952,2.757202,53.05296,9.595788,20.19922,
31525.61,1.276391E-02,0.5383628,1.95125,40.9738,24.75597,7.374207E-02,9.595788,19.71094,1.600641E-02,0.7875508,2.755185,52.96475,9.595788,20.19922,
31525.9,1.296449E-02,0.5454118,1.98878,41.97182,24.73303,5.132409E-02,9.638247,19.71094,1.567231E-02,0.7869043,2.750973,52.86824,9.595788,20.19922,
31526.2,1.246754E-02,0.550007,2.024191,43.01304,24.73672,5.064623E-02,9.595788,19.71094,1.625449E-02,0.7865667,2.747182,52.82206,9.595788,20.19922,
31526.51,1.243501E-02,0.5398311,1.97361,41.60631,24.78676,8.594365E-02,9.638247,19.71094,1.624249E-02,0.7848158,2.747118,52.81851,9.595788,20.19922,
31526.81,1.263018E-02,0.5401574,1.956533,41.04812,24.76755,7.412942E-02,9.638247,19.71094,1.571832E-02,0.7845298,2.746468,52.83331,9.595788,20.19922,
31527.1,1.284703E-02,0.5409799,1.999995,42.52829,24.79241,0.1133004,9.638247,19.71094,1.579835E-02,0.7839633,2.742626,52.66221,9.595788,20.19922,
31527.39,1.247296E-02,0.5352427,1.978653,42.19735,24.80297,7.475886E-02,9.638247,19.71094,1.651058E-02,0.782613,2.739333,52.72379,9.595788,20.19922,
31527.67,1.181698E-02,0.5104794,1.849255,38.79028,24.81399,0.1040523,9.638247,19.71094,1.571232E-02,0.7824585,2.738209,52.57163,9.595788,20.19922,
31527.96,1.228502E-02,0.5291794,1.95618,41.60977,24.78524,5.558496E-02,9.638247,19.71094,1.601642E-02,0.7828361,2.737405,52.53848,9.595788,20.19922,
31528.26,1.268801E-02,0.5379618,2.00727,42.8791,24.79353,7.224108E-02,9.638247,19.71094,1.613846E-02,0.7813771,2.736039,52.58998,9.595788,20.19922,
31528.57,1.206455E-02,0.5167195,1.917534,40.99109,24.76023,7.819661E-02,9.638247,19.71094,1.570232E-02,0.7814687,2.733002,52.53255,9.595788,20.19922,
31528.87,1.163265E-02,0.5126886,1.883818,39.96715,24.78602,5.640808E-02,9.638247,19.71094,1.537421E-02,0.7801413,2.730781,52.50769,9.595788,20.19922,
31529.16,1.222177E-02,0.5273101,1.944174,41.50003,24.75904,9.901676E-02,9.638247,19.71094,0.0162805,0.7794203,2.730283,52.45145,9.595788,20.19922,
31529.45,1.237899E-02,0.534631,1.993145,42.52829,24.77048,6.706025E-02,9.638247,19.71094,1.624249E-02,0.7800555,2.726492,52.39165,9.595788,20.19922,
31529.75,1.220189E-02,0.5269838,1.980786,42.67691,24.78016,0.0789229,9.638247,19.71094,1.609044E-02,0.7791629,2.72565,52.42066,9.595788,20.19922,
31530.05,1.201757E-02,0.5223207,1.935897,41.1302,24.71795,8.100491E-02,9.638247,19.71094,1.599441E-02,0.7783905,2.723237,52.37093,9.595788,20.19922,
31530.34,1.285065E-02,0.5334414,1.947154,40.8753,24.7441,6.604345E-02,9.638247,19.71094,1.563229E-02,0.7777382,2.721042,52.34251,9.595788,20.19922,
31530.64,1.262476E-02,0.5337541,1.933029,40.57374,24.79447,5.960373E-02,9.638247,19.71094,1.523217E-02,0.777555,2.719536,52.28627,9.595788,20.19922,
31530.95,1.231032E-02,0.5322179,1.974994,41.90788,24.77241,8.758989E-02,9.638247,19.71094,1.559028E-02,0.7761876,2.718502,52.2466,9.595788,20.19922,
31531.24,1.201034E-02,0.5283093,1.958793,41.58903,24.76836,7.500096E-02,9.638247,19.71094,1.551826E-02,0.7759473,2.716511,52.2016,9.595788,20.19922,
31531.54,0.0120266,0.5053473,1.860795,39.28194,24.75608,8.095649E-02,9.638247,19.71094,1.552826E-02,0.7761247,2.714277,52.18621,9.595788,20.19922,
31531.84,0.0115676,0.4975913,1.831203,38.59845,24.78584,7.412942E-02,9.595788,19.71094,0.0156363,0.7755983,2.715796,52.16549,9.595788,20.19922,
31532.12,1.122244E-02,0.5104386,1.924625,41.20452,24.80584,8.671835E-02,9.638247,19.71094,1.567831E-02,0.7747629,2.712197,52.1945,9.595788,20.19922,
31532.43,1.182963E-02,0.519792,1.97724,42.64667,24.79759,9.838732E-02,9.638247,19.71094,0.0153262,0.7735957,2.712567,52.12227,9.595788,20.19922,
31532.73,1.157663E-02,0.5022952,1.895288,41.08959,24.77361,9.751578E-02,9.638247,19.71094,1.560028E-02,0.7733382,2.709146,52.05122,9.595788,20.19922,
31533.03,1.102366E-02,0.4823445,1.807657,38.56907,24.78273,0.1104436,9.638247,19.71094,0.0159524,0.7733954,2.708916,52.11457,9.595788,20.19922,
31533.32,1.133087E-02,0.4938119,1.870456,40.04578,24.74576,0.1065217,9.638247,19.71094,1.536821E-02,0.7739505,2.707372,51.98018,9.595788,20.19922,
31533.61,1.130557E-02,0.4971291,1.907364,41.23217,24.82088,9.306123E-02,9.638247,19.71094,1.550425E-02,0.7730808,2.70644,52.00504,9.595788,20.19922,
31533.91,1.167241E-02,0.4871163,1.850229,39.7736,24.8079,9.262546E-02,9.638247,19.71094,1.576634E-02,0.7726688,2.706274,51.95827,9.595788,20.19922,
31534.23,1.130918E-02,0.50099,1.914865,41.23822,24.77605,9.979147E-02,9.638247,19.71094,1.536021E-02,0.7719536,2.704653,52.06721,9.595788,20.19922,
31534.54,1.096583E-02,0.5011124,1.932789,42.02107,24.76732,0.0850721,9.638247,19.71094,1.555227E-02,0.7713757,2.706057,51.97248,9.595788,20.19922,
31534.82,1.155675E-02,0.4934924,1.897166,41.37387,24.73988,0.0796976,9.638247,19.71094,1.528618E-02,0.7710267,2.70316,51.94288,9.595788,20.19922,
31535.13,1.107606E-02,0.4872591,1.881784,41.16995,24.77969,5.524603E-02,9.595788,19.71094,1.554427E-02,0.7711468,2.701794,51.87835,9.595788,20.19922,
31535.41,1.120617E-02,0.4900732,1.907054,42.05996,24.79859,7.054642E-02,9.638247,19.71094,0.0156543,0.7703687,2.701679,51.91032,9.595788,20.19922,
31535.7,9.966495E-03,0.4706799,1.831556,40.13478,24.80589,8.415214E-02,9.638247,19.71094,1.538021E-02,0.7701169,2.69808,51.77533,9.595788,20.19922,
31535.99,9.858068E-03,0.4362641,1.789746,40.20823,24.81796,0.1016798,9.638247,19.71094,1.569632E-02,0.7706662,2.700479,51.81263,9.595788,20.19922,
31536.29,8.309374E-03,0.3896127,1.700449,39.51092,24.80339,0.1137845,9.638247,19.71094,1.555827E-02,0.7706204,2.70136,51.889,9.595788,20.19922,
31536.58,7.25402E-03,0.3454016,1.609188,38.73929,24.7507,9.867783E-02,9.638247,19.71094,1.498009E-02,0.7711926,2.698986,51.86354,9.595788,20.19922,
31536.88,7.026324E-03,0.3080493,1.544086,38.70905,24.79738,0.1374614,9.638247,19.71094,1.517415E-02,0.7708665,2.701411,51.93637,9.595788,20.19922,
31537.19,5.878808E-03,0.2637159,1.433686,37.47255,24.76783,0.1830721,9.638247,19.71094,1.535221E-02,0.7705575,2.701054,51.889,9.595788,20.19922,
31537.47,5.215597E-03,0.2322026,1.346606,36.40368,24.78542,0.1755671,9.638247,19.71094,1.521216E-02,0.769682,2.701322,51.94466,9.595788,20.19922,
31537.76,4.483717E-03,0.2085676,1.323032,37.34467,24.7728,0.1876235,9.638247,19.71094,1.576434E-02,0.7698938,2.701564,51.89966,9.595788,20.19922,
31538.05,4.364447E-03,0.1841781,1.238862,36.41665,24.79417,0.1978399,9.638247,19.71094,1.570432E-02,0.7698995,2.699854,51.85881,9.595788,20.19922,
31538.35,3.733765E-03,0.1590477,1.156768,35.74612,24.79781,0.2206452,9.638247,19.71094,1.554627E-02,0.77026,2.699394,51.89256,9.595788,20.19922,
31538.65,3.13019E-03,0.1437532,1.086256,34.18472,24.77288,0.2680958,9.638247,19.71094,1.561229E-02,0.7693502,2.698424,51.81204,9.595788,20.19922,
31538.94,4.069888E-03,0.1392261,1.094505,35.19915,24.77166,0.2656264,9.638247,19.71094,1.506211E-02,0.7699853,2.698884,51.81559,9.595788,20.19922,
31539.23,0.0029549,0.1251552,1.035152,34.40939,24.78522,0.27991,9.638247,19.71094,1.588237E-02,0.7698537,2.699586,51.91209,9.595788,20.19922,
31539.54,2.709132E-03,0.1063533,0.973695,33.74145,24.77231,0.2800552,9.638247,19.71094,1.540222E-02,0.770197,2.698794,51.87183,9.595788,20.19922,
31539.85,2.226633E-03,8.195021E-02,0.8720806,32.79269,24.74693,0.295743,9.638247,19.71094,1.515614E-02,0.7692129,2.700173,51.87598,9.595788,20.19922,
31540.13,1.64655E-03,6.199269E-02,0.7601267,31.41794,24.791,0.3552499,9.638247,19.71094,1.561029E-02,0.769848,2.699994,51.82743,9.595788,20.19922,
31540.44,1.635708E-03,5.418234E-02,0.7259868,31.34276,24.80253,0.3655147,9.638247,19.71094,1.573033E-02,0.7700254,2.701194,51.91209,9.595788,20.19922,
31540.74,2.24109E-03,4.686141E-02,0.6673968,30.59015,24.79706,0.3751985,9.638247,19.71094,1.512613E-02,0.768984,2.700632,51.80789,9.595788,20.19922,
31541.05,1.764013E-03,4.020664E-02,0.6352627,30.51411,24.79245,0.413401,9.595788,19.71094,1.552626E-02,0.7694246,2.698092,51.84578,9.595788,20.19922,
31541.35,1.92846E-03,4.289846E-02,0.6594021,30.96602,24.80726,0.3773773,9.638247,19.71094,1.541623E-02,0.7697908,2.700569,51.79191,9.595788,20.19922,
31541.64,1.988095E-03,4.165452E-02,0.6501503,30.60484,24.79038,0.399408,9.638247,19.71094,0.014704,0.769951,2.701041,51.95117,9.595788,20.19922,
31541.94,1.393555E-03,3.771875E-02,0.6213073,30.82777,24.82771,0.3953892,9.638247,19.71094,1.510212E-02,0.769888,2.701245,51.87065,9.595788,20.19922,
31542.24,1.355605E-03,0.0323759,0.5780145,30.37931,24.84512,0.4177587,9.638247,19.71094,1.555627E-02,0.7701398,2.702802,51.82625,9.595788,20.19922,
31542.54,1.098995E-03,2.643487E-02,0.5364873,30.31278,24.83396,0.4546056,9.595788,19.71094,1.547624E-02,0.7697736,2.701079,51.86532,9.595788,20.19922,
31542.84,1.080924E-03,2.118039E-02,0.4989716,29.89456,24.83446,0.4497637,9.638247,19.71094,1.526218E-02,0.7702771,2.703236,51.84933,9.595788,20.19922,
31543.14,1.122488E-03,1.854975E-02,0.4537861,29.16873,24.81859,0.5091253,9.638247,19.71094,1.545224E-02,0.7701627,2.703236,51.86058,9.595788,20.19922,
31543.43,1.232722E-03,1.482471E-02,0.3898568,28.21911,24.82295,0.5160008,9.638247,19.71094,1.553826E-02,0.7708951,2.703734,51.93341,9.595788,20.19922,
31543.71,1.294163E-03,9.78095E-03,0.3365495,26.95755,24.82789,0.556479,9.638247,19.71094,1.579835E-02,0.7698308,2.701258,51.86236,9.595788,20.19922,
31544.02,1.285128E-03,7.734897E-03,0.2973529,25.89041,24.84185,0.5803496,9.638247,19.71094,1.521616E-02,0.7698766,2.702496,51.97307,9.595788,20.19922,
31544.3,1.780277E-03,6.579319E-03,0.2696823,25.16631,24.82682,0.6633397,9.595788,19.71094,1.569632E-02,0.7698995,2.702151,51.96064,9.595788,20.19922,
31544.59,1.899546E-03,5.716034E-03,0.2440597,24.27372,24.77448,0.651816,9.638247,19.71094,1.519215E-02,0.7704545,2.704028,51.97544,9.595788,20.19922,
31544.88,1.355605E-03,6.409381E-03,0.2162054,23.8218,24.79477,0.7201836,9.638247,19.71094,0.0153402,0.770466,2.703849,51.92216,9.595788,20.19922,
31545.18,1.670043E-03,3.819526E-03,0.187094,22.94822,24.7685,0.7478307,9.638247,19.71094,1.542023E-02,0.7698652,2.702496,51.93637,9.595788,20.19922,
31545.47,5.243336E-04,2.990229E-03,0.1570787,22.26214,24.80665,0.7537863,9.638247,19.71094,1.544624E-02,0.7704889,2.705036,52.00741,9.595788,20.19922,
31545.77,1.677271E-03,2.867873E-03,0.1490981,22.04093,24.78426,0.7947971,9.638247,19.71094,1.537621E-02,0.7707406,2.705891,52.00919,9.595788,20.19922,
31546.06,1.256214E-03,3.547625E-03,0.1435611,22.0392,24.80912,0.8239453,9.638247,19.71094,1.552426E-02,0.7700483,2.707755,52.02872,9.595788,20.19922,
31546.37,1.547159E-03,3.649588E-03,0.1388434,21.98909,24.82705,0.8265116,9.638247,19.71094,1.561829E-02,0.7703401,2.705317,51.98195,9.595788,20.19922,
31546.67,1.353798E-03,2.73872E-03,0.1288148,21.81713,24.80094,0.86239,9.638247,19.71094,1.481003E-02,0.7710839,2.7063,51.97959,9.595788,20.19922,
31546.97,1.348377E-03,3.010621E-03,0.1096473,21.15266,24.80189,0.9059187,9.638247,19.71094,1.558628E-02,0.7713814,2.707193,52.06662,9.595788,20.19922,
31547.26,1.368255E-03,2.337667E-03,8.915207E-02,20.45362,24.79991,0.9278525,9.638247,19.71094,1.599241E-02,0.7708493,2.70898,51.96893,9.595788,20.19922,
31547.55,1.375483E-03,1.841448E-03,7.427856E-02,19.47893,24.82811,1.014958,9.638247,19.71094,1.509612E-02,0.771164,2.708023,51.97307,9.595788,20.19922,
31547.83,1.657393E-03,5.09746E-03,7.006934E-02,19.35882,24.83486,1.049771,9.595788,19.71094,1.541623E-02,0.7708607,2.708482,51.95827,9.595788,20.19922,
31548.13,7.050448E-04,3.092191E-03,6.542225E-02,18.86111,24.81636,1.107051,9.638247,19.71094,1.602242E-02,0.7713357,2.708572,52.11339,9.595788,20.19922,
31548.43,8.026289E-04,3.404877E-03,6.102941E-02,18.60621,24.82208,1.089765,9.638247,19.71094,1.512013E-02,0.7723483,2.710142,52.09267,9.595788,20.19922,
31548.71,9.97797E-04,2.344464E-03,5.016737E-02,17.38008,24.8212,1.125886,9.638247,19.71094,1.486405E-02,0.7713585,2.709746,52.13056,9.595788,20.19922,
31549.01,1.050203E-03,2.358059E-03,3.850021E-02,16.33541,24.84248,1.215655,9.638247,19.71094,1.524217E-02,0.772028,2.712069,52.0009,9.595788,20.19922,
31549.31,4.592776E-04,3.554423E-03,3.179089E-02,15.4696,24.82898,1.288284,9.638247,19.71094,1.571832E-02,0.7711125,2.712898,52.16489,9.595788,20.19922,
31549.6,1.048396E-03,2.888266E-03,2.988403E-02,15.36677,24.836,1.345031,9.595788,19.71094,1.509012E-02,0.772234,2.713907,52.17733,9.595788,20.19922,
31549.9,1.109838E-03,3.323307E-03,3.040665E-02,15.38492,24.79828,1.321644,9.638247,19.71094,1.542823E-02,0.7729778,2.714788,52.16489,9.595788,20.19922,
31550.19,1.071889E-03,1.501572E-03,2.883879E-02,15.13001,24.77872,1.312735,9.638247,19.71094,0.0153462,0.7729606,2.713409,52.10569,9.595788,20.19922,
31550.5,1.14598E-03,9.237828E-04,0.0238527,14.99349,24.78111,1.396016,9.638247,19.71094,1.520416E-02,0.7732009,2.715681,52.12464,9.595788,20.19922,
31550.8,1.135138E-03,3.112584E-03,2.221421E-02,14.15792,24.80813,1.421872,9.638247,19.71094,1.593439E-02,0.7718391,2.716357,52.15246,9.595788,20.19922,
31551.1,9.97797E-04,1.705498E-03,1.765187E-02,13.45974,24.7569,1.495226,9.638247,19.71094,1.555427E-02,0.7722797,2.713996,52.16489,9.595788,20.19922,
31551.41,1.370062E-03,1.297646E-03,1.434665E-02,12.58961,24.82177,1.575844,9.595788,19.71094,1.505611E-02,0.7732695,2.715541,52.18266,9.595788,20.19922,
31551.69,1.10261E-03,2.969836E-03,0.0109143,12.12474,24.76582,1.67704,9.638247,19.71094,1.500809E-02,0.7736357,2.715554,52.22647,9.595788,20.19922,
31552.01,1.198387E-03,3.42527E-03,9.34644E-03,11.58728,24.80657,1.734125,9.638247,19.71094,1.542623E-02,0.7730865,2.71706,52.1945,9.595788,20.19922,
31552.3,1.279707E-03,1.433597E-03,1.032106E-02,11.3462,24.76237,1.76613,9.638247,19.71094,1.571232E-02,0.7720566,2.718081,52.20811,9.595788,20.19922,
31552.6,1.021289E-03,1.821055E-03,9.713687E-03,11.22696,24.78078,1.796247,9.638247,19.71094,1.585237E-02,0.7739218,2.717787,52.2762,9.595788,20.19922,
31552.89,8.767205E-04,2.392047E-03,8.272948E-03,11.01785,24.79848,1.79523,9.638247,19.71094,0.014724,0.77359,2.716779,52.21759,9.595788,20.19922,
31553.21,1.068274E-03,2.541592E-03,9.219316E-03,10.62469,24.84513,1.841422,9.638247,19.71094,1.529819E-02,0.7729606,2.717532,52.20989,9.595788,20.19922,
31553.51,5.279479E-04,2.929051E-03,7.877451E-03,10.17537,24.78321,1.897927,9.595788,19.71094,1.527018E-02,0.7740648,2.719268,52.27087,9.595788,20.19922,
31553.8,1.180315E-03,4.064237E-03,6.196589E-03,9.67939,24.71509,1.971669,9.638247,19.71094,1.561629E-02,0.7740934,2.720697,52.17673,9.595788,20.19922,
31554.1,9.724975E-04,1.657915E-03,6.676835E-03,9.301787,24.66605,2.032386,9.638247,19.71094,1.586437E-02,0.7736644,2.721323,52.22943,9.595788,20.19922,
31554.39,1.59053E-03,2.079361E-03,4.416853E-03,9.093544,24.65764,2.063277,9.638247,19.71094,1.588438E-02,0.7741221,2.722038,52.27443,9.595788,20.19922,
31554.68,1.236336E-03,4.30215E-03,5.165472E-03,9.071941,24.58231,2.12569,9.595788,19.71094,1.553826E-02,0.7730064,2.71937,52.18502,9.595788,20.19922,
31554.98,1.782084E-03,5.043079E-03,6.196589E-03,9.027873,24.50135,2.106951,9.638247,19.71094,1.561429E-02,0.7741507,2.718732,52.21581,9.595788,20.19922,
31555.29,8.405783E-04,6.790722E-04,6.11184E-03,8.840368,24.47771,2.169121,9.595788,19.71094,1.518815E-02,0.7740306,2.721731,52.21107,9.595788,20.19922,
31555.59,1.189351E-03,5.090662E-03,6.77571E-03,8.436842,24.40384,2.173915,9.638247,19.71094,0.0153262,0.7731665,2.721323,52.25311,9.595788,20.19922,
31555.91,1.373676E-03,2.609567E-03,5.801092E-03,8.150831,24.36124,2.201949,9.638247,19.71094,1.536221E-02,0.773178,2.71988,52.24837,9.595788,20.19922,
31556.21,1.473068E-03,1.732688E-03,3.865982E-03,7.831985,24.2857,2.248189,9.595788,19.71094,1.560028E-02,0.7734755,2.722063,52.27857,9.595788,20.19922,
31556.51,7.809435E-04,1.596737E-03,3.696484E-03,7.693733,24.27154,2.286392,9.638247,19.71094,1.514414E-02,0.7742365,2.719944,52.18384,9.595788,20.19922,
31556.81,1.258021E-03,4.179794E-03,6.323713E-03,7.251323,24.241,2.379018,9.595788,19.71094,1.494207E-02,0.7736014,2.719319,52.26791,9.595788,20.19922,
31557.1,1.053818E-03,2.57558E-03,3.809483E-03,7.069866,24.17779,2.380906,9.638247,19.71094,1.492807E-02,0.7738875,2.720378,52.26022,9.595788,20.19922,
31557.39,1.675464E-03,1.460787E-03,5.151347E-03,7.226265,24.09459,2.407633,9.638247,19.71094,1.508412E-02,0.7727775,2.719829,52.28094,9.595788,20.19922,
31557.69,1.409819E-03,2.371654E-03,4.275604E-03,6.938526,24.01118,2.458279,9.638247,19.71094,1.558428E-02,0.7732867,2.719191,52.20575,9.595788,20.19922,
31558,1.086346E-03,3.139774E-03,3.470485E-03,6.868536,23.90882,2.476921,9.595788,19.71094,1.513814E-02,0.7726116,2.717379,52.17792,9.595788,20.19922,
31558.3,1.924846E-03,3.527232E-03,3.555235E-03,6.641282,23.80902,2.495707,9.638247,19.71094,0.0150281,0.7726631,2.717506,52.1128,9.595788,20.19922,
31558.6,1.149594E-03,1.855043E-03,4.12023E-03,6.451184,23.67479,2.558749,9.595788,19.71094,1.511013E-02,0.7718334,2.714494,52.22055,9.595788,20.19922,
31558.89,9.237055E-04,2.140539E-03,3.639984E-03,6.04161,23.51084,2.614334,9.595788,19.71094,1.476602E-02,0.7719536,2.714124,52.19094,9.595788,20.19922,
31559.18,1.149594E-03,2.54839E-03,3.103238E-03,5.899037,23.37457,2.661591,9.595788,19.71094,1.512813E-02,0.7723083,2.71392,52.19746,9.595788,20.19922,
31559.46,1.245371E-03,0.0016987,4.614601E-03,5.603521,23.23186,2.71427,9.595788,19.71094,1.489806E-02,0.7708893,2.713754,52.15838,9.595788,20.19922,
31559.77,1.279707E-03,2.290084E-03,3.964857E-03,5.498103,23.13877,2.736446,9.638247,19.71094,1.504611E-02,0.7714272,2.713728,52.11694,9.595788,20.19922,
31560.07,6.038466E-04,1.630725E-03,2.114496E-03,5.365899,23.01028,2.765498,9.638247,19.71094,1.510413E-02,0.7705689,2.711929,52.12641,9.595788,20.19922,
31560.36,6.887809E-04,1.555952E-03,5.038348E-03,5.375404,22.87657,2.810382,9.638247,19.71094,1.451394E-02,0.7701341,2.710652,52.07431,9.595788,20.19922,
31560.66,1.303199E-03,2.820291E-03,5.066598E-03,5.159383,22.62297,2.882333,9.638247,19.71094,1.531819E-02,0.7710324,2.708801,52.00445,9.595788,20.19922,
31560.97,1.160437E-03,2.092956E-03,3.668234E-03,4.72043,22.387,2.953412,9.638247,19.71094,1.515814E-02,0.7704374,2.710754,51.97367,9.595788,20.19922,
31561.25,8.116645E-04,2.867873E-03,3.795358E-03,4.514779,22.16134,3.038677,9.638247,19.71094,1.512413E-02,0.769888,2.708789,52.0678,9.595788,20.19922,
31561.57,1.285128E-03,4.866344E-03,5.391471E-03,4.524284,21.85452,3.073103,9.638247,19.71094,1.513414E-02,0.7694475,2.7063,52.03168,9.595788,20.19922,
31561.86,1.153209E-03,5.029484E-03,2.368744E-03,4.463799,21.65899,3.063855,9.638247,19.71094,1.527018E-02,0.769253,2.703823,51.89196,9.595788,20.19922,
31562.16,1.044782E-03,3.47965E-03,2.919615E-03,4.321225,21.49903,3.111742,9.638247,19.71094,1.454395E-02,0.7683375,2.703236,51.91091,9.595788,20.19922,
31562.45,1.348377E-03,2.915456E-03,2.580617E-03,4.242594,21.32847,3.139147,9.638247,19.71094,1.506211E-02,0.7676166,2.700913,51.79901,9.595788,20.19922,
31562.74,6.092679E-04,4.451695E-03,2.128621E-03,4.008428,21.08255,3.217973,9.638247,19.71094,1.516615E-02,0.7675536,2.699343,51.86295,9.595788,20.19922,
31563.04,1.245371E-03,2.364857E-03,3.696484E-03,3.936709,20.80164,3.25632,9.638247,19.71094,1.527218E-02,0.7672446,2.699458,51.82625,9.595788,20.19922,
31563.35,1.039361E-03,3.574815E-03,3.428111E-03,3.681805,20.5482,3.30566,9.638247,19.71094,1.464198E-02,0.7659344,2.697403,51.76941,9.595788,20.19922,
31563.62,1.015868E-03,2.745518E-03,2.199245E-03,3.558242,20.40966,3.37548,9.638247,19.71094,1.453194E-02,0.766661,2.697314,51.7925,9.595788,20.19922,
31563.92,1.091767E-03,-1.14946E-03,4.798225E-03,3.738835,20.37456,3.365747,9.638247,19.71094,1.611445E-02,0.7663177,2.694353,51.84223,9.595788,20.19922,
31564.23,1.037554E-03,3.384485E-03,3.244487E-03,3.647242,20.11566,3.395912,9.638247,19.71094,1.437789E-02,0.7659287,2.692706,51.74928,9.595788,20.19922,
31564.51,1.268864E-03,1.746283E-03,3.738858E-03,3.524543,19.98668,3.39998,9.638247,19.71094,0.014726,0.7650075,2.691876,51.65159,9.595788,20.19922,
31564.8,1.48391E-03,2.840683E-03,4.854725E-03,3.441591,19.85284,3.405064,9.638247,19.71094,0.0150301,0.763989,2.687307,51.69481,9.595788,20.19922,
31565.1,1.288742E-03,4.730393E-03,4.233229E-03,3.231619,19.6592,3.451546,9.638247,19.71094,1.508812E-02,0.7632109,2.687256,51.62199,9.595788,20.19922,
31565.39,1.048396E-03,2.806696E-03,3.865982E-03,3.17459,19.48946,3.531679,9.638247,19.71094,1.457396E-02,0.7633826,2.685009,51.47931,9.595788,20.19922,
31565.71,1.173087E-03,3.234939E-03,3.668234E-03,3.121881,19.33521,3.569736,9.638247,19.71094,0.014708,0.7624041,2.684333,51.51483,9.595788,20.19922,
31565.98,1.135138E-03,3.153369E-03,4.233229E-03,2.949065,19.21132,3.594043,9.638247,19.71094,1.436789E-02,0.7616661,2.682789,51.44852,9.595788,20.19922,
31566.31,1.599565E-03,2.534795E-03,2.100371E-03,2.915365,19.06697,3.649192,9.638247,19.71094,1.506611E-02,0.7615058,2.677249,51.46155,9.595788,20.19922,
31566.6,1.42789E-03,3.58841E-03,3.272737E-03,2.791802,18.97578,3.668124,9.638247,19.71094,1.467999E-02,0.7594746,2.674709,51.40471,9.595788,20.19922,
31566.9,1.305006E-03,0.0052606,2.467618E-03,2.60516,18.79629,3.67834,9.638247,19.71094,1.430587E-02,0.7601784,2.674083,51.29045,9.595788,20.19922,
31567.19,9.959899E-04,6.049112E-03,3.710608E-03,2.544675,18.69252,3.741188,9.638247,19.71094,1.445392E-02,0.7595891,2.671467,51.26085,9.595788,20.19922,
31567.48,1.203808E-03,3.432067E-03,2.411119E-03,2.53517,18.5341,3.788784,9.638247,19.71094,1.504611E-02,0.758399,2.67111,51.31117,9.595788,20.19922,
31567.78,8.640707E-04,1.841448E-03,3.51286E-03,2.345072,18.42888,3.837639,9.638247,19.71094,1.516615E-02,0.7583818,2.668302,51.18565,9.595788,20.19922,
31568.09,2.040501E-03,3.500042E-03,5.47622E-03,2.162751,18.26989,3.85444,9.638247,19.71094,1.455595E-02,0.756774,2.66497,51.15842,9.595788,20.19922,
31568.39,1.279707E-03,2.725125E-03,5.137222E-03,2.324334,18.12422,3.891868,9.638247,19.71094,1.514414E-02,0.7552063,2.661192,51.02166,9.595788,20.19922,
31568.69,9.182841E-04,3.037811E-03,4.20498E-03,2.210276,18.02173,3.906297,9.595788,19.71094,1.450393E-02,0.7544796,2.658333,51.01396,9.595788,20.19922,
31569,1.041168E-03,2.616365E-03,2.84899E-03,2.053013,17.93966,3.916271,9.638247,19.71094,1.570432E-02,0.754205,2.653125,50.91331,9.595788,20.19922,
31569.28,9.562335E-04,1.732688E-03,4.515727E-03,2.097081,17.83574,3.895112,9.638247,19.71094,1.449393E-02,0.7531465,2.651683,50.85648,9.595788,20.19922,
31569.57,1.088153E-03,1.025746E-03,2.947865E-03,2.124732,17.79021,3.892207,9.638247,19.71094,1.414182E-02,0.7515444,2.648045,50.79728,9.595788,20.19922,
31569.86,1.14598E-03,2.969836E-03,1.860248E-03,2.086712,17.76896,3.892691,9.638247,19.71094,1.515614E-02,0.7519507,2.6483,50.82628,9.595788,20.19922,
31570.16,1.516438E-03,4.458493E-03,5.363221E-03,2.31915,17.69483,3.893853,9.595788,19.71094,1.436389E-02,0.7516989,2.644076,50.83161,9.595788,20.19922,
31570.47,8.333498E-04,3.309712E-03,3.060864E-03,2.474684,17.71044,3.81372,9.638247,19.71094,1.497208E-02,0.7508235,2.641714,50.68123,9.595788,20.19922,
31570.75,9.743046E-04,5.111055E-03,3.413986E-03,2.343344,17.6634,3.843982,9.638247,19.71094,1.413182E-02,0.7488266,2.638702,50.58177,9.595788,20.19922,
31571.06,1.230914E-03,2.487212E-03,4.882975E-03,2.283722,17.69027,3.852116,9.638247,19.71094,1.437989E-02,0.7484147,2.636698,50.57881,9.595788,20.19922,
31571.36,1.538124E-03,0.006355,4.14848E-03,2.400373,17.74439,3.816092,9.638247,19.71094,1.457996E-02,0.7482373,2.635626,50.535,9.595788,20.19922,
31571.66,1.747749E-03,2.262894E-03,2.072121E-03,2.320014,17.75077,3.837396,9.595788,19.71094,1.442191E-02,0.7473161,2.633992,50.52552,9.595788,20.19922,
31571.97,1.173087E-03,2.799898E-03,4.558102E-03,2.326062,17.73033,3.855892,9.638247,19.71094,1.478803E-02,0.7465094,2.631605,50.44915,9.595788,20.19922,
31572.27,1.462225E-03,2.256097E-03,2.594742E-03,2.281994,17.71947,3.834491,9.638247,19.71094,1.414582E-02,0.7463549,2.629448,50.49533,9.595788,20.19922,
31572.56,8.712992E-04,4.186592E-03,3.781233E-03,2.36581,17.67548,3.827325,9.638247,19.71094,1.468799E-02,0.7465609,2.628644,50.45034,9.595788,20.19922,
31572.85,1.702571E-03,4.927522E-03,4.233229E-03,2.212868,17.68338,3.833474,9.638247,19.71094,0.014714,0.7447414,2.623934,50.36804,9.595788,20.19922,
31573.15,9.128628E-04,6.05591E-03,1.916748E-03,2.224101,17.66167,3.863301,9.638247,19.71094,1.456195E-02,0.7455252,2.621177,50.37041,9.595788,20.19922,
31573.44,9.345481E-04,3.330105E-03,2.947865E-03,2.218916,17.6626,3.845192,9.595788,19.71094,1.432988E-02,0.7442378,2.621318,50.29463,9.595788,20.19922,
31573.74,1.06466E-03,5.552893E-03,2.354619E-03,2.187809,17.612,3.822774,9.638247,19.71094,1.454395E-02,0.7440147,2.619824,50.29818,9.595788,20.19922,
31574.03,1.144173E-03,2.514402E-03,2.524118E-03,2.121275,17.58888,3.825921,9.638247,19.71094,1.480803E-02,0.7423897,2.61782,50.20937,9.595788,20.19922,
31574.33,1.039361E-03,3.581613E-03,2.368744E-03,2.277674,17.61213,3.829553,9.638247,19.71094,1.417183E-02,0.7429219,2.616084,50.12294,9.595788,20.19922,
31574.64,1.167666E-03,3.044609E-03,2.509993E-03,2.247431,17.57294,3.832022,9.638247,19.71094,1.480603E-02,0.7418576,2.612779,50.11406,9.595788,20.19922,
31574.93,1.301392E-03,1.372419E-03,4.20498E-03,2.214596,17.56884,3.832506,9.638247,19.71094,1.463998E-02,0.7409708,2.611362,50.14899,9.595788,20.19922,
31575.23,1.111645E-03,3.119381E-03,4.854725E-03,2.191266,17.58302,3.852164,9.638247,19.71094,0.0143899,0.7401583,2.608873,50.09037,9.595788,20.19922,
31575.52,9.869543E-04,3.098989E-03,5.659843E-03,2.355441,17.5158,3.828342,9.638247,19.71094,1.443191E-02,0.7397406,2.603487,49.94651,9.595788,20.19922,
31575.8,8.514209E-04,2.113349E-03,3.526985E-03,2.141149,17.4986,3.844272,9.638247,19.71094,1.393375E-02,0.7391627,2.60595,50.02229,9.595788,20.19922,
31576.09,5.62283E-04,4.084629E-03,1.422376E-03,2.280266,17.50148,3.854295,9.638247,19.71094,1.415582E-02,0.7399924,2.604584,50.07735,9.595788,20.19922,
31576.4,1.877861E-03,4.38372E-03,3.428111E-03,2.345936,17.47007,3.833087,9.638247,19.71094,1.412381E-02,0.7413828,2.6114,50.17267,9.595788,20.19922,
31576.7,1.424276E-03,2.73872E-03,2.891365E-03,2.124732,17.45961,3.851099,9.638247,19.71094,1.413782E-02,0.7401068,2.609728,50.11287,9.595788,20.19922,
31576.99,1.491139E-03,2.568782E-03,4.332104E-03,2.166208,17.41657,3.831296,9.638247,19.71094,1.426786E-02,0.7411253,2.609307,50.05485,9.595788,20.19922,
31577.29,1.404397E-03,2.46682E-03,5.363221E-03,2.281994,17.39869,3.829407,9.638247,19.71094,0.0140878,0.7399409,2.608567,50.10518,9.595788,20.19922,
31577.59,1.576073E-03,2.867873E-03,4.402728E-03,2.155838,17.34562,3.846499,9.638247,19.71094,1.418983E-02,0.7399867,2.608018,50.14247,9.595788,20.19922,
31577.89,1.529088E-03,2.990229E-03,2.961989E-03,2.277674,17.2558,3.82258,9.638247,19.71094,1.424985E-02,0.7398608,2.606486,50.04774,9.595788,20.19922,
31578.2,1.263443E-03,3.037811E-03,1.139879E-03,2.237062,17.22475,3.803503,9.638247,19.71094,1.406779E-02,0.7379669,2.598866,49.85592,9.595788,20.19922,
31578.51,7.538369E-04,2.507605E-03,4.882975E-03,2.239654,17.1598,3.81706,9.638247,19.71094,1.422985E-02,0.7370229,2.595254,49.75883,9.595788,20.19922,
31578.79,7.050448E-04,2.256097E-03,2.538243E-03,2.273354,17.14884,3.837687,9.638247,19.71094,1.373969E-02,0.7371315,2.59496,49.75705,9.595788,20.19922,
31579.09,8.243143E-04,1.093721E-03,2.961989E-03,2.223237,17.16504,3.864221,9.638247,19.71094,0.0143839,0.7382473,2.601036,49.88967,9.595788,20.19922,
31579.39,1.362834E-03,5.138244E-03,3.639984E-03,2.363218,17.14044,3.82994,9.638247,19.71094,1.490006E-02,0.7386993,2.603065,49.86658,9.595788,20.19922,
31579.68,1.568845E-03,2.500807E-03,3.385736E-03,2.53949,17.1223,3.79043,9.638247,19.71094,1.348161E-02,0.7377324,2.600245,49.91513,9.595788,20.19922,
31579.99,9.110557E-04,2.031778E-03,3.060864E-03,2.482461,17.16679,3.738235,9.638247,19.71094,0.0140858,0.7373146,2.598687,49.88079,9.595788,20.19922,
31580.27,1.42789E-03,1.868638E-03,4.317979E-03,2.658734,17.28214,3.655148,9.595788,19.71094,1.391174E-02,0.7357298,2.593301,49.7831,9.595788,20.19922,
31580.57,8.188929E-04,1.83465E-03,5.306721E-03,2.869569,17.38649,3.615589,9.638247,19.71094,1.481803E-02,0.7328231,2.585004,49.70969,9.595788,20.19922,
31580.86,1.350184E-03,2.276489E-03,2.947865E-03,3.015599,17.46964,3.528241,9.638247,19.71094,0.014704,0.732457,2.581711,49.51668,9.595788,20.19922,
31581.15,7.484155E-04,5.668451E-03,4.374478E-03,3.018191,17.49837,3.50287,9.638247,19.71094,1.473001E-02,0.7314614,2.581175,49.59246,9.595788,20.19922,
31581.45,1.426083E-03,2.405642E-03,2.453493E-03,3.287784,17.58096,3.486456,9.638247,19.71094,0.0140718,0.7300252,2.571589,49.44801,9.595788,20.19922,
31581.76,1.464032E-03,1.957006E-03,2.93374E-03,3.222978,17.6454,3.433825,9.638247,19.71094,1.402978E-02,0.7280914,2.564825,49.255,9.595788,20.19922,
31582.03,1.319463E-03,1.284051E-03,3.428111E-03,3.453688,17.7963,3.404676,9.638247,19.71094,1.483004E-02,0.7280113,2.566318,49.21355,9.595788,20.19922,
31582.33,1.83449E-03,-4.017334E-04,2.312244E-03,3.700815,17.86747,3.294087,9.638247,19.71094,1.643455E-02,0.728223,2.566344,49.27868,9.595788,20.19922,
31582.64,1.221879E-03,4.084629E-03,3.781233E-03,4.164826,18.19816,3.12007,9.638247,19.71094,1.369167E-02,0.7270843,2.567148,49.25263,9.595788,20.19922,
31582.94,1.220072E-03,2.568782E-03,2.128621E-03,4.379982,18.48761,3.013693,9.638247,19.71094,0.0131455,0.7284747,2.568449,49.21415,9.595788,20.19922,
31583.26,1.140559E-03,3.078596E-03,5.405596E-03,4.45775,18.73657,2.962853,9.638247,19.71094,1.419784E-02,0.7290068,2.572394,49.28875,9.595788,20.19922,
31583.56,1.095381E-03,2.120146E-03,1.973247E-03,4.873373,19.0461,2.878604,9.638247,19.71094,0.0140958,0.7296591,2.571002,49.26862,9.595788,20.19922,
31583.85,1.729678E-03,3.180559E-03,4.134355E-03,5.360714,19.37084,2.757363,9.638247,19.71094,1.388974E-02,0.7287436,2.569675,49.34617,9.595788,20.19922,
31584.16,8.188929E-04,1.453989E-03,3.131488E-03,5.600065,19.74801,2.637769,9.638247,19.71094,1.460397E-02,0.7279254,2.565897,49.24257,9.595788,20.19922,
31584.44,1.482103E-03,2.235704E-03,4.162605E-03,5.89558,20.06002,2.604214,9.638247,19.71094,1.411381E-02,0.7280742,2.565871,49.17862,9.595788,20.19922,
31584.76,1.429697E-03,4.839153E-03,4.247354E-03,6.279233,20.5388,2.504471,9.638247,19.71094,1.392975E-02,0.7270843,2.568105,49.21592,9.595788,20.19922,
31585.05,7.3938E-04,3.078596E-03,3.046739E-03,6.952351,20.96967,2.379792,9.638247,19.71094,1.395576E-02,0.7279826,2.568028,49.26684,9.595788,20.19922,
31585.35,7.954005E-04,1.046138E-03,5.377346E-03,7.560664,21.47527,2.260827,9.638247,19.71094,1.393575E-02,0.7274905,2.566765,49.19165,9.595788,20.19922,
31585.64,1.221879E-03,3.200952E-03,3.880107E-03,7.999617,21.95646,2.166991,9.638247,19.71094,1.380371E-02,0.7266323,2.566254,49.21651,9.595788,20.19922,
31585.94,1.328499E-03,2.68434E-03,5.829342E-03,8.806668,22.39948,2.047977,9.638247,19.71094,1.391375E-02,0.7267582,2.562489,49.19579,9.595788,20.19922,
31586.23,1.220072E-03,1.868638E-03,6.337838E-03,9.287098,22.79794,1.898605,9.638247,19.71094,1.406579E-02,0.7260945,2.562221,49.12297,9.595788,20.19922,
31586.52,1.630286E-03,2.609567E-03,7.510204E-03,9.883313,23.09082,1.83779,9.638247,19.71094,1.415782E-02,0.7263291,2.561353,49.16678,9.595788,20.19922,
31586.82,1.149594E-03,2.405642E-03,1.060355E-02,10.4441,23.34642,1.768697,9.638247,19.71094,1.403578E-02,0.7259972,2.562463,49.12416,9.595788,20.19922,
31587.11,7.88172E-04,2.514402E-03,1.143692E-02,11.12241,23.64109,1.671713,9.638247,19.71094,1.359564E-02,0.7262261,2.564837,49.26329,9.595788,20.19922,
31587.41,1.462225E-03,2.426035E-03,1.146517E-02,11.57864,23.84046,1.626151,9.638247,19.71094,1.415982E-02,0.7261574,2.56328,49.28283,9.595788,20.19922,
31587.7,1.048396E-03,1.093721E-03,1.501052E-02,12.16017,23.99561,1.516531,9.638247,19.71094,1.400778E-02,0.7270729,2.563523,49.23428,9.595788,20.19922,
31588.01,1.254407E-03,1.222874E-03,2.087235E-02,13.05276,24.18217,1.424293,9.638247,19.71094,1.422184E-02,0.7265865,2.563063,49.17448,9.595788,20.19922,
31588.31,1.516438E-03,1.678307E-03,2.727092E-02,13.68268,24.31215,1.32024,9.595788,19.71094,1.416383E-02,0.7270958,2.56291,49.18987,9.595788,20.19922,
31588.63,1.050203E-03,2.324072E-03,3.393787E-02,14.27284,24.41188,1.22529,9.638247,19.71094,1.350962E-02,0.7269813,2.565705,49.21059,9.595788,20.19922,
31588.92,1.668236E-03,1.895828E-03,3.443224E-02,14.44912,24.47976,1.208876,9.638247,19.71094,1.431187E-02,0.728223,2.567403,49.30592,9.595788,20.19922,
31589.2,1.404397E-03,1.297646E-03,3.992683E-02,15.01509,24.5424,1.14046,9.638247,19.71094,1.387773E-02,0.7289096,2.571845,49.3965,9.595788,20.19922,
31589.51,9.056343E-04,2.908658E-03,5.666482E-02,15.92756,24.61902,1.05839,9.638247,19.71094,1.410381E-02,0.7300024,2.576248,49.3888,9.595788,20.19922,
31589.79,1.32127E-03,3.078596E-03,8.066301E-02,16.88496,24.61243,0.9471232,9.638247,19.71094,1.341959E-02,0.7301511,2.577971,49.46281,9.595788,20.19922,
31590.09,1.113452E-03,3.180559E-03,0.1043363,17.91149,24.7227,0.9125521,9.638247,19.71094,1.419984E-02,0.731759,2.580409,49.55102,9.595788,20.19922,
31590.39,1.380905E-03,3.173762E-03,0.1287583,18.37118,24.70485,0.8118891,9.638247,19.71094,1.368367E-02,0.7308263,2.578469,49.56168,9.595788,20.19922,
31590.68,1.337534E-03,4.757584E-03,0.1775597,19.51954,24.73286,0.7198446,9.638247,19.71094,1.462997E-02,0.731347,2.580384,49.49537,9.595788,20.19922,
31590.97,1.135138E-03,6.919194E-03,0.2309942,20.29635,24.68842,0.6296885,9.595788,19.71094,1.437389E-02,0.7307176,2.57764,49.52675,9.595788,20.19922,
31591.26,1.324884E-03,8.380661E-03,0.2656143,21.64518,24.74787,0.5832548,9.638247,19.71094,0.0128474,0.7279655,2.570581,49.30473,9.595788,20.19922,
31591.55,1.707992E-03,1.188818E-02,0.3229614,22.78836,24.76454,0.5782676,9.638247,19.71094,1.415382E-02,0.7259171,2.564161,49.1579,9.595788,20.19922,
31591.85,1.762206E-03,0.0197801,0.4181066,24.62367,24.72356,0.496488,9.638247,19.71094,1.393575E-02,0.7246526,2.558353,49.04837,9.595788,20.19922,
31592.15,1.454996E-03,2.958212E-02,0.5058504,25.91374,24.7376,0.4196471,9.638247,19.71094,1.434788E-02,0.7233252,2.553133,48.94003,9.595788,20.19922,
31592.44,1.263443E-03,3.608735E-02,0.5542423,25.83597,24.74688,0.3755374,9.638247,19.71094,1.410381E-02,0.7241033,2.55515,49.01818,9.595788,20.19922,
31592.74,2.170613E-03,4.166131E-02,0.5806417,26.37516,24.81192,0.384156,9.638247,19.71094,1.420784E-02,0.7240976,2.557013,49.13896,9.595788,20.19922,
31593.05,2.344096E-03,0.046909,0.6163071,26.71388,24.76815,0.3500206,9.638247,19.71094,1.321152E-02,0.7241834,2.5582,49.12889,9.595788,20.19922,
31593.35,2.152542E-03,4.903662E-02,0.6458281,27.43452,24.7992,0.3733101,9.638247,19.71094,0.0137697,0.7249959,2.556809,49.14192,9.595788,20.19922,
31593.64,1.923039E-03,0.0540192,0.6816206,28.21133,24.8252,0.3678872,9.638247,19.71094,1.366166E-02,0.7246298,2.558634,49.01877,9.595788,20.19922,
31593.93,1.628479E-03,0.0688242,0.7396315,28.60794,24.79899,0.3310888,9.638247,19.71094,1.405379E-02,0.7244009,2.560932,49.0839,9.595788,20.19922,
31594.21,1.959181E-03,9.069861E-02,0.8380396,29.51782,24.79454,0.3031995,9.638247,19.71094,1.401178E-02,0.72483,2.560485,49.10166,9.595788,20.19922,
31594.5,2.57902E-03,0.1162165,0.9355861,30.2376,24.80699,0.2845582,9.638247,19.71094,1.483004E-02,0.7250188,2.559962,49.08804,9.595788,20.19922,
31594.8,2.963935E-03,0.132313,0.9798535,30.38363,24.80289,0.2232114,9.638247,19.71094,1.399977E-02,0.7249902,2.559732,49.16382,9.595788,20.19922,
31595.09,2.613355E-03,0.1266915,0.9615194,30.20045,24.78484,0.2357035,9.638247,19.71094,1.393775E-02,0.7242979,2.56023,49.0389,9.595788,20.19922,
31595.38,3.307286E-03,0.1424277,1.027087,31.14489,24.77032,0.2478566,9.638247,19.71094,1.365166E-02,0.7245096,2.55663,49.12534,9.595788,20.19922,
31595.68,4.458417E-03,0.1847695,1.149197,32.43409,24.76423,0.2291185,9.638247,19.71094,1.418983E-02,0.724727,2.557524,49.04305,9.595788,20.19922,
31595.97,4.915616E-03,0.2165615,1.23711,33.08561,24.7945,0.205829,9.638247,19.71094,1.317351E-02,0.7248014,2.559349,49.15613,9.595788,20.19922,
31596.27,4.543351E-03,0.2085812,1.215287,32.77541,24.7835,0.2000671,9.638247,19.71094,0.0140698,0.7248014,2.562055,49.21592,9.595788,20.19922,
31596.56,4.396975E-03,0.2095193,1.223296,33.05019,24.7824,0.1819584,9.638247,19.71094,1.336757E-02,0.7265293,2.562106,49.17152,9.595788,20.19922,
31596.87,5.390887E-03,0.2463074,1.303116,33.57727,24.779,0.1725167,9.638247,19.71094,1.375369E-02,0.726455,2.562451,49.21296,9.595788,20.19922,
31597.17,6.45889E-03,0.283721,1.37641,33.60925,24.79292,0.1456442,9.638247,19.71094,1.364766E-02,0.7261803,2.563944,49.15554,9.595788,20.19922,
31597.46,5.929406E-03,0.2846046,1.406143,34.84142,24.79502,0.1437559,9.638247,19.71094,1.355963E-02,0.726083,2.564391,49.13482,9.595788,20.19922,
31597.76,6.061326E-03,0.2865895,1.369305,33.36126,24.76225,0.1574584,9.638247,19.71094,0.0137857,0.7274848,2.567888,49.19224,9.595788,20.19922,
31598.05,6.299865E-03,0.2873576,1.39949,34.30137,24.77781,0.1453537,9.595788,19.71094,0.0137857,0.7282516,2.569126,49.32545,9.595788,20.19922,
31598.32,6.793206E-03,0.2847882,1.389631,34.12424,24.77205,0.1512608,9.638247,19.71094,1.428586E-02,0.7291784,2.571054,49.30828,9.595788,20.19922,
31598.63,6.198666E-03,0.2811447,1.382229,33.96525,24.76389,0.1607509,9.638247,19.71094,1.571632E-02,0.7288695,2.573415,49.42669,9.595788,20.19922,
31598.93,6.415519E-03,0.2862496,1.384122,33.89958,24.79998,0.1441432,9.638247,19.71094,1.461197E-02,0.7311753,2.579082,49.52438,9.595788,20.19922,
31599.23,6.249265E-03,0.2889211,1.374842,33.2662,24.78858,0.1742114,9.638247,19.71094,0.0134596,0.7312154,2.579656,49.43498,9.595788,20.19922,
31599.56,6.081204E-03,0.2868002,1.394433,34.23397,24.79145,0.1529555,9.638247,19.71094,1.374369E-02,0.7307577,2.576236,49.4859,9.595788,20.19922,
31599.83,6.838384E-03,0.2921499,1.40045,34.08968,24.73302,0.1672391,9.638247,19.71094,1.362765E-02,0.7305517,2.578418,49.37222,9.595788,20.19922,
31600.11,6.326971E-03,0.2888531,1.387964,33.67146,24.78191,0.1534881,9.638247,19.71094,1.540222E-02,0.7288466,2.577091,49.48294,9.595788,20.19922,
31600.4,6.193245E-03,0.2874188,1.380026,33.83391,24.83453,0.1665612,9.638247,19.71094,1.403178E-02,0.7304658,2.576746,49.45511,9.595788,20.19922,
31600.71,6.451662E-03,0.2824906,1.363853,33.48309,24.80443,0.1956126,9.638247,19.71094,1.430387E-02,0.7299738,2.577065,49.4036,9.595788,20.19922,
31601.01,6.480576E-03,0.293557,1.381594,33.53061,24.80766,0.164576,9.638247,19.71094,1.395376E-02,0.7296419,2.57741,49.45274,9.595788,20.19922,
31601.3,6.050483E-03,0.2982813,1.406934,34.04474,24.81115,0.1429812,9.638247,19.71094,1.396376E-02,0.7299051,2.579031,49.3888,9.595788,20.19922,
31601.6,6.657673E-03,0.3023733,1.396693,33.43038,24.76966,0.159492,9.638247,19.71094,0.0140898,0.7300538,2.578903,49.42551,9.595788,20.19922,
31601.91,6.63418E-03,0.3081852,1.412683,33.64727,24.8076,0.1784239,9.638247,19.71094,0.0134476,0.7307634,2.578074,49.53918,9.595788,20.19922,
31602.2,6.514911E-03,0.3095312,1.432118,34.32384,24.80309,0.1801185,9.638247,19.71094,1.445392E-02,0.7298822,2.580639,49.53859,9.595788,20.19922,
31602.5,6.986567E-03,0.3037193,1.404448,33.58678,24.82679,0.1698053,9.638247,19.71094,1.393375E-02,0.7304029,2.581137,49.55043,9.595788,20.19922,
31602.79,6.500454E-03,0.3104556,1.406312,33.42174,24.80243,0.1970651,9.638247,19.71094,1.384372E-02,0.7302713,2.58212,49.50247,9.595788,20.19922,
31603.07,6.876333E-03,0.3094496,1.431257,34.21237,24.85,0.1782302,9.638247,19.71094,1.322553E-02,0.731387,2.582133,49.52379,9.595788,20.19922,
31603.36,6.820313E-03,0.3134465,1.421496,33.56518,24.81965,0.1573132,9.638247,19.71094,1.421784E-02,0.7305917,2.579312,49.56464,9.595788,20.19922,
31603.66,6.045062E-03,0.3094971,1.415748,33.76392,24.85494,0.1706768,9.638247,19.71094,1.390574E-02,0.7308378,2.579146,49.50603,9.595788,20.19922,
31603.95,6.990181E-03,0.3156013,1.438842,34.1925,24.85991,0.1124772,9.638247,19.71094,1.467399E-02,0.7304544,2.577984,49.48116,9.595788,20.19922,
31604.24,0.0071727,0.3217327,1.454139,34.33421,24.87395,0.1543596,9.638247,19.71094,1.450193E-02,0.7318733,2.583,49.56108,9.595788,20.19922,
31604.54,6.856455E-03,0.3165122,1.433446,33.96179,24.80985,0.1737756,9.638247,19.71094,1.483204E-02,0.7324627,2.589319,49.69015,9.595788,20.19922,
31604.83,0.0067408,0.3135757,1.434152,34.06462,24.84105,0.135331,9.638247,19.71094,1.344159E-02,0.7339732,2.592637,49.70554,9.595788,20.19922,
31605.13,7.190771E-03,0.3105304,1.429491,34.0914,24.84492,0.1521808,9.638247,19.71094,1.498609E-02,0.7342021,2.590952,49.76179,9.595788,20.19922,
31605.42,6.429976E-03,0.3077162,1.412697,33.62653,24.82733,0.1362025,9.638247,19.71094,1.401578E-02,0.7334583,2.591795,49.74936,9.595788,20.19922,
31605.72,6.532982E-03,0.3022578,1.396693,33.34138,24.85891,0.1233715,9.638247,19.71094,1.464798E-02,0.7343451,2.594526,49.82573,9.595788,20.19922,
31606.01,6.664901E-03,0.3014761,1.404787,33.66455,24.82268,0.1477262,9.638247,19.71094,1.393575E-02,0.7351748,2.599849,49.85,9.595788,20.19922,
31606.3,6.693815E-03,0.2995592,1.384955,33.07611,24.85034,0.1340237,9.638247,19.71094,1.428987E-02,0.7356268,2.596058,49.88908,9.595788,20.19922,
31606.57,6.648637E-03,0.3066422,1.390605,32.83416,24.87085,0.1413833,9.638247,19.71094,1.417783E-02,0.7355123,2.596734,49.76475,9.595788,20.19922,
31606.87,6.655865E-03,0.3061324,1.402371,33.29472,24.91686,0.1260345,9.638247,19.71094,1.581035E-02,0.7347628,2.599223,49.97433,9.595788,20.19922,
31607.19,6.755257E-03,0.3091233,1.408982,33.32151,24.86892,0.131409,9.638247,19.71094,1.263334E-02,0.7368283,2.602861,49.9548,9.595788,20.19922,
31607.49,6.841998E-03,0.3049632,1.380746,32.65098,24.85391,0.1369772,9.638247,19.71094,1.352762E-02,0.7368455,2.604584,50.04597,9.595788,20.19922,
31607.78,6.957653E-03,0.3095244,1.404617,33.22905,24.87593,0.1301017,9.638247,19.71094,1.414182E-02,0.7371544,2.604916,49.96605,9.595788,20.19922,
31608.07,6.684779E-03,0.3099458,1.421115,33.7475,24.85252,0.147242,9.638247,19.71094,1.424185E-02,0.7379497,2.605771,49.97137,9.617018,20.19922,
31608.38,7.438345E-03,0.3158528,1.417104,33.45976,24.84615,0.1676264,9.595788,19.71094,1.445992E-02,0.7380184,2.608771,50.01104,9.595788,20.19922,
31608.69,6.957653E-03,0.3098506,1.40134,33.15733,24.82674,0.1416254,9.638247,19.71094,1.423785E-02,0.7390884,2.609983,50.08504,9.595788,20.19922,
31608.98,7.075116E-03,0.308797,1.392894,32.92316,24.84783,0.158911,9.638247,19.71094,1.364766E-02,0.7387165,2.610953,50.11406,9.595788,20.19922,
31609.29,7.067887E-03,0.3176134,1.437698,34.05598,24.82485,0.1328132,9.638247,19.71094,1.388774E-02,0.7388366,2.612089,50.0809,9.595788,20.19922,
31609.6,7.340761E-03,0.3182659,1.430805,33.83131,24.87471,0.1226936,9.638247,19.71094,1.453594E-02,0.739466,2.615446,50.10754,9.595788,20.19922,
31609.92,7.001024E-03,0.3127328,1.412188,33.35953,24.85885,0.1348468,9.638247,19.71094,1.429787E-02,0.740124,2.615229,50.17148,9.595788,20.19922,
31610.22,6.964882E-03,0.3125832,1.408403,33.08993,24.83903,0.1475326,9.638247,19.71094,1.447592E-02,0.7419263,2.618356,50.23661,9.595788,20.19922,
31610.51,7.337147E-03,0.313834,1.413459,33.1461,24.83631,0.1263735,9.638247,19.71094,1.436189E-02,0.7411539,2.621267,50.35679,9.595788,20.19922,
31610.8,6.706465E-03,0.3136708,1.417838,33.48222,24.83777,0.1293754,9.638247,19.71094,1.398777E-02,0.7414743,2.621675,50.28871,9.595788,20.19922,
31611.1,6.323357E-03,0.3081784,1.39836,33.18412,24.87022,8.100491E-02,9.638247,19.71094,1.388374E-02,0.7434196,2.624828,50.38047,9.595788,20.19922,
31611.39,6.433591E-03,0.3134737,1.426454,33.76219,24.82525,0.1271966,9.638247,19.71094,1.415982E-02,0.7428475,2.627802,50.37751,9.595788,20.19922,
31611.68,7.452802E-03,0.3124065,1.415875,33.60579,24.85761,0.1131067,9.638247,19.71094,1.412181E-02,0.7443637,2.629053,50.42606,9.595788,20.19922,
31611.97,7.423888E-03,0.3102925,1.401693,32.96205,24.84004,0.1355731,9.638247,19.71094,1.387573E-02,0.7451018,2.631771,50.44382,9.595788,20.19922,
31612.27,6.616109E-03,0.3114956,1.424293,33.70256,24.81453,0.1476778,9.638247,19.71094,1.381571E-02,0.7459028,2.635256,50.51309,9.595788,20.19922,
31612.57,7.185349E-03,0.3120666,1.432528,34.28236,24.86171,0.1073448,9.638247,19.71094,1.383972E-02,0.7455825,2.637847,50.56697,9.595788,20.19922,
31612.86,7.067887E-03,0.3097351,1.412358,33.74318,24.86755,0.1183843,9.638247,19.71094,1.352762E-02,0.7469041,2.638166,50.59184,9.595788,20.19922,
31613.16,7.174507E-03,0.3034202,1.392371,33.16251,24.8381,0.1436106,9.638247,19.71094,1.443791E-02,0.7466696,2.641319,50.71083,9.595788,20.19922,
31613.47,6.930547E-03,0.3080357,1.414759,33.74059,24.83376,0.1553764,9.638247,19.71094,1.457596E-02,0.747894,2.642327,50.78958,9.595788,20.19922,
31613.75,7.302812E-03,0.3103061,1.406524,33.29904,24.81123,0.1306343,9.638247,19.71094,1.424185E-02,0.7487065,2.647279,50.79076,9.595788,20.19922,
31614.06,7.581107E-03,0.3339206,1.473052,34.33421,24.81278,0.1358152,9.638247,19.71094,1.396976E-02,0.7490269,2.648083,50.77478,9.595788,20.19922,
31614.35,1.084475E-02,0.4947023,1.801032,37.79744,24.82631,0.1058923,9.638247,19.71094,1.494608E-02,0.7493359,2.650356,50.85825,9.595788,20.19922,
31614.63,1.277655E-02,0.5702907,1.957268,39.25169,24.81748,1.060375E-02,9.638247,19.71094,1.429187E-02,0.7493244,2.651568,50.87897,9.595788,20.19922,
31614.92,1.455114E-02,0.6366345,2.157318,42.8022,24.8542,3.195651E-02,9.638247,19.71094,1.424585E-02,0.7518019,2.65564,50.98022,9.595788,20.19922,
31615.22,0.0149993,0.6508278,2.217123,43.90045,24.79331,2.009387E-02,9.638247,19.71094,0.0143939,0.7512068,2.656023,50.93463,9.595788,20.19922,
31615.51,1.551433E-02,0.6803426,2.306449,45.22422,24.82633,1.331521E-02,9.638247,19.71094,1.371368E-02,0.7517218,2.658039,51.05185,9.595788,20.19922,
31615.81,1.531013E-02,0.6738102,2.286279,44.76453,24.80653,5.214721E-02,9.638247,19.71094,1.435989E-02,0.7536615,2.662149,51.08146,9.595788,20.19922,
31616.12,1.492702E-02,0.6827761,2.322608,45.37716,24.8245,3.892884E-02,9.638247,19.71094,1.453995E-02,0.7543766,2.664753,51.17914,9.595788,20.19922,
31616.41,0.0147698,0.6716554,2.28512,44.72824,24.81831,0.0712727,9.638247,19.71094,1.413582E-02,0.7542508,2.667319,51.16552,9.595788,20.19922,
31616.69,1.543843E-02,0.6915653,2.354968,46.05114,24.81227,3.181125E-02,9.638247,19.71094,1.500809E-02,0.7546341,2.669897,51.29459,9.595788,20.19922,
31617,1.560469E-02,0.6771138,2.306223,45.23804,24.83813,3.181125E-02,9.638247,19.71094,1.481003E-02,0.7568484,2.671773,51.32715,9.595788,20.19922,
31617.29,1.531193E-02,0.6938221,2.358104,45.98807,24.79583,3.050394E-02,9.638247,19.71094,1.453394E-02,0.7562534,2.67282,51.2869,9.595788,20.19922,
31617.59,1.529205E-02,0.6804038,2.310927,45.19311,24.82678,0.0306492,9.638247,19.71094,1.463998E-02,0.7569686,2.676534,51.36267,9.617018,20.19922,
31617.88,1.490714E-02,0.6800571,2.310912,45.2631,24.80688,4.64822E-03,9.638247,19.71094,1.474201E-02,0.7577982,2.680006,51.4207,9.595788,20.19922,
31618.19,1.560107E-02,0.6783441,2.305178,45.11103,24.81968,2.856718E-02,9.638247,19.71094,1.423785E-02,0.7590341,2.680427,51.46451,9.595788,20.19922,
31618.47,1.521254E-02,0.6779227,2.305898,45.07473,24.82498,3.447429E-02,9.638247,19.71094,1.482204E-02,0.7592057,2.684167,51.46688,9.595788,20.19922,
31618.78,1.542036E-02,0.683116,2.319232,45.43246,24.83163,2.082015E-02,9.638247,19.71094,1.441991E-02,0.7601097,2.686069,51.58351,9.595788,20.19922,
31619.08,1.577636E-02,0.6817837,2.320729,45.34778,24.76739,0.0398488,9.638247,19.71094,1.446792E-02,0.7614257,2.688711,51.54266,9.595788,20.19922,
31619.37,1.558481E-02,0.684795,2.325504,45.4411,24.76842,1.883497E-02,9.638247,19.71094,1.521616E-02,0.7621409,2.692808,51.67113,9.595788,20.19922,
31619.68,1.587214E-02,0.6885744,2.332608,45.73143,24.77874,2.086857E-02,9.638247,19.71094,1.418383E-02,0.7623984,2.695016,51.74277,9.595788,20.19922,
31619.96,1.502822E-02,0.6834083,2.322721,45.60442,24.80453,1.951284E-02,9.638247,19.71094,1.512813E-02,0.7639433,2.698246,51.7925,9.595788,20.19922,
31620.25,1.569504E-02,0.6868478,2.331944,45.72193,24.77613,2.822825E-02,9.595788,19.71094,1.457396E-02,0.7641492,2.700543,51.82447,9.595788,20.19922,
31620.55,1.537157E-02,0.6811447,2.314754,45.21731,24.78892,3.171442E-02,9.638247,19.71094,1.432988E-02,0.7648187,2.702892,51.84105,9.595788,20.19922,
31620.86,1.553782E-02,0.6814982,2.317975,45.43678,24.77666,0.0314239,9.638247,19.71094,1.485004E-02,0.7661918,2.708252,52.02813,9.595788,20.19922,
31621.16,1.549987E-02,0.6823683,2.319077,45.42987,24.75955,2.232114E-02,9.638247,19.71094,0.014694,0.7660775,2.711086,51.95235,9.595788,20.19922,
31621.46,1.545289E-02,0.6806281,2.317919,45.36766,24.78131,2.934189E-02,9.638247,19.71094,1.474201E-02,0.7678969,2.713166,52.14595,9.595788,20.19922,
31621.75,1.590286E-02,0.6877587,2.342383,45.81871,24.7803,2.067489E-02,9.638247,19.71094,0.014722,0.7688982,2.716843,52.21996,9.595788,20.19922,
31622.04,1.559023E-02,0.6847202,2.328272,45.66231,24.78467,3.050394E-02,9.638247,19.71094,1.434988E-02,0.7695391,2.718719,52.24541,9.595788,20.19922,
31622.34,1.596069E-02,0.6922722,2.348555,45.89043,24.78557,4.488437E-02,9.638247,19.71094,1.519215E-02,0.7695906,2.721642,52.25785,9.595788,20.19922,
31622.65,1.486377E-02,0.6878335,2.335575,45.70984,24.78771,1.849604E-02,9.638247,19.71094,1.463197E-02,0.7700425,2.726262,52.29574,9.595788,20.19922,
31622.95,1.563902E-02,0.6881121,2.334967,45.68823,24.80905,4.134979E-02,9.638247,19.71094,1.496608E-02,0.7716904,2.726747,52.42184,9.595788,20.19922,
31623.24,1.565348E-02,0.6868206,2.336464,45.82303,24.79988,2.251481E-02,9.638247,19.71094,1.508012E-02,0.7730922,2.73193,52.43961,9.595788,20.19922,
31623.52,1.539145E-02,0.6860797,2.331351,45.49641,24.8058,1.801185E-02,9.638247,19.71094,1.515014E-02,0.7725372,2.734201,52.51124,9.595788,20.19922,
31623.81,1.531013E-02,0.688452,2.341874,45.83426,24.74507,8.279641E-03,9.595788,19.71094,1.476802E-02,0.7739676,2.737239,52.62136,9.595788,20.19922,
31624.1,1.536976E-02,0.6861477,2.33758,45.67009,24.78851,2.822825E-02,9.638247,19.71094,1.518015E-02,0.7751348,2.740494,52.61603,9.617018,20.19922,
31624.4,1.594442E-02,0.6922858,2.354657,46.09262,24.7782,5.025887E-02,9.638247,19.71094,1.427186E-02,0.7753122,2.742,52.70366,9.595788,20.19922,
31624.71,1.553963E-02,0.6918916,2.346323,46.04855,24.77936,5.166303E-02,9.638247,19.71094,1.561429E-02,0.775953,2.743813,52.65866,9.595788,20.19922,
31624.98,1.564986E-02,0.6931015,2.35703,46.02349,24.79287,4.769267E-02,9.638247,19.71094,1.437189E-02,0.7774407,2.747948,52.73148,9.595788,20.19922,
7/17/2018 8:47:05 AM,  Comment: JTS DM 7/17/2018 Little sulivan DM 2
31625.28,1.584684E-02,0.6872217,2.346987,45.92499,24.77764,0.0436739,9.638247,19.71094,1.685068E-02,0.7779041,2.751586,52.9085,9.595788,20.19922,
31625.58,1.564444E-02,0.6935366,2.355251,46.14706,24.74876,3.229544E-02,9.638247,19.71094,1.508412E-02,0.7785678,2.755109,52.95113,9.595788,20.19922,
31625.87,1.574926E-02,0.6904369,2.349149,46.12027,24.80368,5.761855E-02,9.638247,19.71094,1.490406E-02,0.7793459,2.756883,52.94462,9.595788,20.19922,
31626.16,1.565348E-02,0.6847746,2.328427,45.61565,24.79402,3.340908E-02,9.638247,19.71094,1.553026E-02,0.7801871,2.759857,53.04763,9.595788,20.19922,
31626.45,1.540229E-02,0.6643617,2.261588,44.24954,24.7677,3.069762E-02,9.638247,19.71094,1.557027E-02,0.7818406,2.76135,53.15657,9.595788,20.19922,
7/17/2018 8:47:06 AM,  Recording terminated by user.
