LoggerLight version 1.3.0, 7/9/2018 1:48:24 PM, rapid sampling mode. Time is number of seconds past midnight of 7/9/2018, Warning: probe Edz305nm, calibrated 4/5/2012 This is identified by tag a
 Probe S/N  BIC2104P-1011   , calibrated 4/5/2012 with 2 picAD channels and 6 high resolution AD channels. This is identified by tag "a"
 Probe S/N  BIC2104R-1011   , calibrated 4/30/2018 with 2 picAD channels and 4 high resolution AD channels. This is identified by tag "b"
ScaleFactor,0.264714,0.069044,0.032916,0.000521,9.691656E-02,6.155094E-03,0.23,0.01,0.148964,5.208686E-02,2.334893E-02,5.0338E-04,0.23,0.01,
Offset+FO,0.1933315,0.1934529,0.1924036,0.1938019,0.4814327,5.735726E-02,0,0.965,0.1939131,0.1940993,0.1930202,0.1932678,0,0.965,
Units,ｵWatts/cmｲ/nm,ｵWatts/cmｲ/nm,ｵWatts/cmｲ/nm,ｵEinsteins/mｲ/s,ｰC,meters,v.,ｰC,ｵWatts/cmｲ/nm,ｵWatts/cmｲ/nm,ｵWatts/cmｲ/nm,ｵEinsteins/mｲ/s,v.,ｰC,
Immersion,0.623,0.635,0.641,0.662,n/a,n/a,n/a,n/a,n/a,n/a,n/a,n/a,n/a,n/a,
Cal Date,4/5/2012,4/5/2012,4/5/2012,4/5/2012,4/5/2012,4/5/2012,4/5/2012,4/5/2012,4/30/2018,4/30/2018,4/30/2018,4/30/2018,4/30/2018,4/30/2018,
Tag Address,a,a,a,a,a,a,a,a,b,b,b,b,b,b,
Time,Edz305nm,Edz320nm,Edz380nm,EdzPAR,WaterTemp,Depth,Vin_a,uItemp_a,Ed0305nm,Ed0320nm,Ed0380nm,Ed0PAR,Vin_b,uItemp_b,
49704.42,7.620266,39.01278,98.75296,2377.926,25.53839,0.0620731,9.638247,23.12891,5.48539,28.32465,71.00375,1664.584,9.617018,24.59375,
49704.72,7.710235,39.43885,99.90358,2409.652,25.5269,6.449405E-02,9.638247,23.12891,5.482413,28.31893,70.95071,1662.91,9.617018,24.59375,
49705.02,7.759056,39.68513,100.5566,2425.488,25.55693,0.0232411,9.638247,23.12891,5.485981,28.33541,71.00108,1663.995,9.617018,24.59375,
49705.31,7.608572,38.94075,98.77161,2384.305,25.59266,2.948714E-02,9.638247,23.12891,5.482347,28.31575,70.92107,1662.498,9.617018,24.59375,
49705.61,7.773925,39.78699,100.7781,2428.829,25.57602,2.914821E-02,9.638247,23.12891,5.475209,28.27232,70.85789,1660.794,9.617018,24.59375,
49705.93,7.618398,38.96032,98.54815,2374.107,25.5426,1.999703E-02,9.638247,23.12891,5.478066,28.28958,70.86779,1660.52,9.617018,24.59375,
49706.25,7.576187,38.83114,98.16543,2359.978,25.55304,5.529445E-02,9.638247,23.12891,5.477992,28.28996,70.8666,1660.306,9.617018,24.59375,
49706.52,7.705705,39.35398,99.43951,2394.623,25.55971,5.916796E-02,9.638247,23.12891,5.478596,28.29216,70.87534,1660.731,9.617018,24.59375,
49706.82,7.659041,39.20494,99.00344,2380.951,25.55244,5.902271E-02,9.638247,23.12891,5.481599,28.30411,70.86231,1660.505,9.617018,24.59375,
49707.14,7.769896,39.75608,100.2445,2409.401,25.59388,3.786362E-02,9.638247,23.12891,5.492376,28.3571,70.99654,1663.469,9.638247,24.59375,
49707.43,7.527573,38.55324,97.24939,2335.656,25.56565,3.844465E-02,9.638247,23.12891,5.494837,28.38323,71.15787,1667.858,9.617018,24.59375,
49707.73,7.230292,37.05379,93.5524,2246.894,25.59285,6.425195E-02,9.638247,23.12891,5.495776,28.37814,71.12514,1667.748,9.617018,24.59375,
49708.04,7.344521,37.54146,94.93589,2286.449,25.59528,3.941303E-02,9.638247,23.12891,5.493733,28.37689,71.10262,1667.62,9.617018,24.59375,
49708.34,7.371322,37.73915,95.29999,2289.811,25.57856,0.031666,9.638247,23.12891,5.493561,28.37469,71.1353,1667.537,9.617018,24.59375,
49708.64,6.910521,35.41382,89.31358,2141.832,25.56602,3.892884E-02,9.638247,23.12891,5.495016,28.38157,71.14265,1668.278,9.617018,24.59375,
49708.93,6.925482,35.43609,89.3117,2142.762,25.59189,2.943872E-02,9.638247,23.12891,5.4972,28.39385,71.17208,1668.778,9.617018,24.59375,
49709.23,6.696783,34.35986,86.7901,2085.651,25.57014,3.892884E-02,9.638247,23.12891,5.495878,28.38451,71.20341,1669.42,9.617018,24.59375,
49709.52,6.488103,33.16442,83.44202,1998.698,25.53711,3.737943E-02,9.638247,23.12891,5.493733,28.37408,71.11533,1667.444,9.617018,24.59375,
49709.81,5.845874,29.73658,75.42988,1835.141,25.51854,5.834484E-02,9.638247,23.12891,5.494197,28.37264,71.14829,1667.777,9.617018,24.59375,
49710.11,7.031936,35.65305,90.06306,2184.027,25.53824,5.495551E-02,9.638247,23.12891,5.490594,28.35184,71.09597,1667.337,9.617018,24.59375,
49710.41,4.474967,23.66805,63.24109,1615.756,25.55733,6.957804E-02,9.638247,23.12891,5.498013,28.39561,71.20609,1669.363,9.617018,24.59375,
49710.72,4.260118,22.49967,60.7492,1559.88,25.52851,0.1062796,9.638247,23.12891,5.496292,28.39067,71.1762,1669.535,9.617018,24.59375,
49711.02,3.85816,20.4791,56.65265,1493.314,25.52161,9.640214E-02,9.638247,23.12891,5.492027,28.36877,71.12098,1667.954,9.617018,24.59375,
49711.31,4.111897,21.62086,58.76555,1520.509,25.53093,0.1028419,9.638247,23.12891,5.492267,28.36887,71.12123,1667.96,9.617018,24.59375,
49711.61,4.341926,22.6514,60.20214,1555.22,25.50605,4.991994E-02,9.638247,23.12891,5.491539,28.35996,71.10757,1667.414,9.617018,24.59375,
49711.93,3.867801,20.87323,59.09399,1553.42,25.49697,9.853257E-02,9.638247,23.12891,5.498942,28.41004,71.23415,1670.54,9.617018,24.59375,
49712.2,4.144063,21.9532,61.02745,1608.557,25.52194,0.1104921,9.638247,23.12891,5.492136,28.37115,71.11223,1667.751,9.617018,24.59375,
49712.49,3.568445,19.44088,54.46902,1419.001,25.55395,0.1080227,9.638247,23.12891,5.492753,28.36722,71.11008,1667.41,9.617018,24.59375,
49712.79,4.255473,22.35168,61.24695,1596.596,25.56886,0.1106857,9.638247,23.12891,5.488493,28.34963,71.08059,1667.114,9.617018,24.59375,
49713.09,4.30863,22.77507,63.06204,1660.925,25.52422,0.1222094,9.638247,23.12891,5.489686,28.35328,71.06413,1665.97,9.617018,24.59375,
49713.39,3.943468,20.74852,57.31718,1516.738,25.53539,9.703159E-02,9.638247,23.12891,5.492244,28.37749,71.14993,1668.171,9.617018,24.59375,
49713.7,4.164059,22.7922,66.92474,1782.92,25.50284,0.1149466,9.638247,23.12891,5.487951,28.34755,71.05502,1665.786,9.617018,24.59375,
49714,4.020305,21.24364,58.20534,1536.252,25.55216,9.979147E-02,9.638247,23.12891,5.487003,28.34094,71.03381,1665.449,9.617018,24.59375,
49714.29,3.683016,20.22052,58.80871,1563.232,25.52782,0.0917055,9.638247,23.12891,5.492183,28.37003,71.1394,1667.59,9.617018,24.59375,
49714.59,3.583031,19.38336,55.4348,1477.15,25.52288,0.1241462,9.638247,23.12891,5.491291,28.35462,71.13064,1668.029,9.617018,24.59375,
49714.9,3.414747,19.44087,60.89794,1687.81,25.58135,8.972032E-02,9.638247,23.12891,5.488781,28.3549,71.0816,1666.325,9.617018,24.59375,
49715.2,3.340355,18.66557,57.53654,1582.122,25.54373,0.111993,9.638247,23.12891,5.490436,28.36195,71.10004,1666.714,9.617018,24.59375,
49715.49,3.077453,17.19279,51.97036,1414.517,25.54876,0.1178033,9.638247,23.12891,5.494385,28.37908,71.15084,1667.972,9.617018,24.59375,
49715.79,3.039941,17.32143,54.11569,1473.169,25.5328,0.1021156,9.638247,23.12891,5.49162,28.36465,71.11842,1667.657,9.617018,24.59375,
49716.09,3.093018,17.47593,55.87266,1590.864,25.55576,0.1199822,9.638247,23.12891,5.491115,28.36566,71.11179,1667.407,9.617018,24.59375,
49716.38,3.04651,17.11122,54.3246,1510.615,25.52477,9.514324E-02,9.638247,23.12891,5.497612,28.39997,71.21722,1670.056,9.617018,24.59375,
49716.67,2.996861,16.95956,52.44774,1429.578,25.53219,0.1044397,9.638247,23.12891,5.493839,28.37149,71.1441,1668.494,9.617018,24.59375,
49716.97,2.892582,16.28903,51.19668,1428.751,25.51983,0.1131551,9.638247,23.12891,5.49112,28.36173,71.11308,1667.868,9.617018,24.59375,
49717.29,2.738247,16.02684,53.64363,1525.855,25.5711,0.1140751,9.638247,23.12891,5.486201,28.33825,71.03439,1665.59,9.617018,24.59375,
49717.58,2.194897,13.16664,47.12221,1398.054,25.57762,0.1148498,9.638247,23.12891,5.4948,28.38195,71.16482,1668.823,9.617018,24.59375,
49717.9,1.760404,10.87166,41.16399,1242.453,25.54575,0.1206116,9.638247,23.12891,5.493407,28.36975,71.16652,1669.006,9.617018,24.59375,
49718.2,1.400155,9.382908,41.7421,1355.631,25.51701,0.159831,9.638247,23.12891,5.489284,28.36052,71.11974,1667.5,9.617018,24.59375,
49718.49,0.9037445,6.491658,32.77796,1127.423,25.52503,0.2428695,9.638247,23.12891,5.490218,28.35853,71.11374,1667.805,9.617018,24.59375,
49718.79,0.6813323,5.430456,34.83015,1344.464,25.52163,0.2549742,9.638247,23.12891,5.492115,28.36275,71.12465,1667.903,9.617018,24.59375,
49719.09,0.4854793,3.951785,25.85581,967.7076,25.53681,0.3144811,9.638247,23.12891,5.492629,28.3671,71.15112,1668.532,9.617018,24.59375,
49719.38,0.4711778,3.994922,29.77127,1227.712,25.56077,0.2971956,9.638247,23.12891,5.493439,28.37518,71.16918,1669.241,9.638247,24.59375,
49719.66,0.4970267,4.198446,32.65113,1411.511,25.53329,0.3154979,9.638247,23.12891,5.493375,28.37022,71.18892,1669.841,9.617018,24.59375,
49719.95,0.3345654,3.084177,25.95707,1104.263,25.56898,0.3527805,9.638247,23.12891,5.490778,28.35403,71.16963,1669.279,9.617018,24.59375,
49720.23,0.3272972,3.022326,25.9679,1102.883,25.52229,0.3680325,9.638247,23.12891,5.489192,28.34649,71.05895,1666.526,9.617018,24.59375,
49720.53,0.3030078,2.900345,26.40361,1124.205,25.52357,0.3650305,9.638247,23.12891,5.493027,28.37259,71.14091,1668.881,9.617018,24.59375,
49720.82,0.2665674,2.699213,29.84182,1481.454,25.56216,0.4523783,9.617018,23.12891,5.481179,28.3044,71.03403,1666.18,9.617018,24.59375,
49721.14,0.2248502,2.353675,28.50134,1516.23,25.49704,0.4574623,9.617018,23.12891,5.487657,28.34852,71.14653,1669.375,9.617018,24.59375,
49721.44,0.1740017,1.848503,21.55593,1031.998,25.49966,0.4741184,9.617018,23.12891,5.485076,28.33038,71.08443,1668.86,9.617018,24.59375,
49721.74,0.185045,1.966936,23.6202,1185.491,25.52921,0.4603674,9.617018,23.12891,5.477732,28.29425,70.99532,1666.519,9.638247,24.59375,
49722.06,0.144759,1.685737,23.96903,1310.535,25.51799,0.471988,9.617018,23.12891,5.480447,28.30538,71.00497,1666.344,9.617018,24.59375,
49722.35,0.1128147,1.349797,21.71911,1279.382,25.47462,0.5080601,9.617018,23.12891,5.476796,28.29253,70.98347,1665.088,9.617018,24.59375,
49722.65,7.857532E-02,1.002851,18.71781,1174.159,25.50406,0.572651,9.617018,23.12891,5.483006,28.31532,71.02344,1666.725,9.617018,24.59375,
49722.94,7.804945E-02,0.9763541,18.9029,1218.667,25.48783,0.579236,9.617018,23.12891,5.489048,28.35189,71.09868,1669.022,9.617018,24.59375,
49723.24,6.092345E-02,0.8154229,17.69827,1199.16,25.47159,0.5913891,9.617018,23.12891,5.483809,28.31679,71.03804,1667.054,9.617018,24.59375,
49723.53,4.506242E-02,0.6434049,16.14924,1165.012,25.49879,0.629398,9.617018,23.12891,5.494669,28.38516,71.24104,1671.146,9.617018,24.59375,
49723.82,4.495038E-02,0.6328076,16.97152,1328.276,25.51111,0.6360798,9.617018,23.12891,5.483852,28.31876,71.09787,1669.589,9.617018,24.59375,
49724.12,3.163016E-02,0.4657653,13.83215,1072.28,25.53102,0.6383555,9.617018,23.12891,5.488751,28.3469,71.07403,1666.752,9.617018,24.59375,
49724.41,2.157538E-02,0.3304199,12.21821,1083.824,25.50081,0.745555,9.617018,23.12891,5.493059,28.37639,71.21786,1671.421,9.617018,24.59375,
49724.71,1.731421E-02,0.2729469,12.63025,1279.319,25.49663,0.7978475,9.617018,23.12891,5.492493,28.37068,71.1562,1670.657,9.617018,24.59375,
49725,1.285968E-02,0.1949658,10.24444,1076.244,25.5129,0.8195392,9.617018,23.12891,5.496374,28.39468,71.26991,1673.263,9.617018,24.59375,
49725.3,1.044357E-02,0.1625824,9.864424,1121.695,25.49829,0.8762869,9.617018,23.12891,5.493099,28.36989,71.26553,1673.496,9.617018,24.59375,
49725.61,8.954512E-03,0.1347058,11.12181,1593.989,25.53606,0.9233016,9.617018,23.12891,5.495544,28.38624,71.2485,1673.162,9.617018,24.59375,
49725.91,5.159576E-03,6.016416E-02,5.465396,715.4849,25.47248,1.014813,9.617018,23.12891,5.486727,28.34042,71.08498,1670.223,9.617018,24.59375,
49726.21,6.234808E-03,5.713926E-02,6.749095,1101.25,25.47317,1.066573,9.617018,23.12891,5.492991,28.37702,71.24245,1672.76,9.617018,24.59375,
49726.5,4.695149E-03,4.028821E-02,4.837955,766.9063,25.46688,1.073449,9.617018,23.12891,5.493337,28.37483,71.21743,1673.04,9.617018,24.59375,
49726.82,4.754784E-03,4.359861E-02,5.920868,1038.751,25.50308,1.114121,9.617018,23.12891,5.496312,28.38911,71.23412,1673.434,9.617018,24.59375,
49727.09,4.380711E-03,3.121353E-02,4.406341,767.5509,25.50261,1.160845,9.617018,23.12891,5.49634,28.39838,71.29324,1675.2,9.617018,24.59375,
49727.41,4.480103E-03,2.568715E-02,4.371,868.384,25.52395,1.226162,9.617018,23.12891,5.488686,28.34413,71.22721,1673.881,9.617018,24.59375,
49727.69,4.022903E-03,0.019515,4.020929,918.4126,25.50377,1.295208,9.617018,23.12891,5.485941,28.3359,71.14107,1670.717,9.617018,24.59375,
49728,4.223492E-03,0.0140158,3.429322,989.135,25.44335,1.35118,9.617018,23.12891,5.482653,28.31486,71.12599,1670.988,9.617018,24.59375,
49728.3,3.560282E-03,1.105888E-02,2.767288,869.5634,25.41343,1.443224,9.617018,23.12891,5.47701,28.2882,70.99883,1667.081,9.617018,24.59375,
49728.59,3.69943E-03,8.74093E-03,2.419957,789.4363,25.36218,1.464916,9.617018,23.12891,5.488591,28.35199,71.17773,1671.745,9.617018,24.59375,
49728.89,4.019289E-03,9.006033E-03,2.159946,807.7739,25.32339,1.501182,9.617018,23.12891,5.482704,28.31732,71.1339,1671.216,9.617018,24.59375,
49729.2,3.668709E-03,6.953182E-03,2.018626,910.9011,25.28703,1.597148,9.617018,23.12891,5.467311,28.24337,70.83193,1663.18,9.617018,24.59375,
49729.47,4.089766E-03,5.627666E-03,1.56105,752.9566,25.25344,1.658495,9.617018,23.12891,5.471366,28.26213,70.9161,1664.552,9.617018,24.59375,
49729.77,3.815085E-03,3.418472E-03,1.458249,738.0875,25.2648,1.696649,9.617018,23.12891,5.4834,28.3184,71.09418,1668.956,9.617018,24.59375,
49730.07,3.491612E-03,7.007562E-03,1.241079,782.1884,25.19601,1.766518,9.617018,23.12891,5.467809,28.24938,70.85123,1663.779,9.617018,24.59375,
49730.38,3.95604E-03,5.47812E-03,0.9734549,724.7659,25.12707,1.876961,9.617018,23.12891,5.461253,28.21458,70.74815,1661.064,9.617018,24.59375,
49730.7,3.356079E-03,5.817996E-03,0.8647357,669.9184,25.14338,1.886742,9.617018,23.12891,5.472134,28.2681,70.95449,1665.284,9.617018,24.59375,
49731,3.587389E-03,6.259835E-03,0.7522026,643.5467,25.05898,1.935355,9.617018,23.12891,5.484408,28.33238,71.07655,1670.282,9.617018,24.59375,
49731.29,3.706658E-03,6.02872E-03,0.6267172,642.4769,25.03283,2.027109,9.617018,23.12891,5.467039,28.23743,70.80357,1663.347,9.617018,24.59375,
49731.59,3.509683E-03,5.566488E-03,0.593679,744.5871,24.97689,2.13426,9.617018,23.12891,5.466563,28.23486,70.78049,1661.789,9.617018,24.59375,
49731.88,3.253073E-03,4.818761E-03,0.4266663,545.1252,24.93653,2.210568,9.617018,23.12891,5.475885,28.28742,70.98087,1667.072,9.617018,24.59375,
49732.18,4.120487E-03,4.696406E-03,0.4066796,574.7451,24.84166,2.241508,9.617018,23.12891,5.477712,28.29624,71.00192,1667.289,9.617018,24.59375,
49732.47,3.677745E-03,6.171467E-03,0.3616777,532.3983,24.73684,2.283535,9.617018,23.12891,5.475221,28.28976,70.98515,1667.13,9.617018,24.59375,
49732.77,3.627145E-03,5.416943E-03,0.3369167,522.3619,24.71437,2.285811,9.617018,23.12891,5.476799,28.2892,71.03825,1668.174,9.617018,24.59375,
49733.08,3.992182E-03,6.05591E-03,0.2949941,511.3553,24.64993,2.347352,9.617018,23.12891,5.471144,28.26489,70.90688,1665.161,9.617018,24.59375,
49733.36,3.863877E-03,5.437335E-03,0.2064028,414.9558,24.49035,2.42211,9.617018,23.12891,5.461887,28.21521,70.7497,1661.281,9.617018,24.59375,
49733.67,3.777136E-03,4.676013E-03,0.1647485,425.4181,24.36509,2.570708,9.617018,23.12891,5.472749,28.27098,70.81241,1662.197,9.617018,24.59375,
49733.95,3.469927E-03,4.533265E-03,0.1461743,398.3102,24.29896,2.611235,9.617018,23.12891,5.48457,28.33357,71.13551,1670.192,9.617018,24.59375,
49734.23,3.731958E-03,3.921489E-03,0.1587454,452.3187,24.2211,2.648517,9.617018,23.12891,5.488513,28.35016,71.28343,1674.452,9.617018,24.59375,
49734.52,4.386133E-03,1.603535E-03,0.1660338,474.2974,24.19261,2.633507,9.617018,23.12891,5.477812,28.29542,70.97559,1667.358,9.617018,24.59375,
49734.8,3.621724E-03,5.348968E-03,0.1670367,474.1739,24.09385,2.647404,9.617018,23.12891,5.478896,28.30232,70.99867,1667.71,9.617018,24.59375,
49735.09,3.659674E-03,5.117852E-03,0.1679407,490.3106,24.047,2.60833,9.617018,23.12891,5.469172,28.24853,70.95253,1667.591,9.617018,24.59375,
49735.39,4.02471E-03,4.424505E-03,0.1519372,416.0368,24.02759,2.642271,9.617018,23.12891,5.475943,28.28646,70.85909,1663.82,9.617018,24.59375,
49735.69,3.375957E-03,5.009091E-03,0.1460612,484.7018,24.00992,2.67539,9.617018,23.12891,5.469107,28.24785,70.88283,1665.262,9.638247,24.59375,
49735.98,3.097662E-03,5.213017E-03,0.1065681,402.6072,23.96349,2.786947,9.617018,23.12891,5.460145,28.20977,70.74766,1661.315,9.617018,24.59375,
49736.28,3.719308E-03,5.933554E-03,9.971748E-02,491.961,23.89337,2.917533,9.617018,23.12891,5.472106,28.26256,70.86167,1663.483,9.617018,24.59375,
49736.57,3.45547E-03,5.219815E-03,9.016906E-02,390.7011,23.87312,2.927798,9.617018,23.12891,5.480787,28.32048,71.08554,1669.681,9.617018,24.59375,
49736.87,3.17356E-03,6.021922E-03,8.908144E-02,412.4102,23.80155,2.909641,9.617018,23.12891,5.483544,28.32057,71.19753,1672.586,9.617018,24.59375,
49737.16,3.460891E-03,5.07027E-03,8.055001E-02,416.0757,23.7402,2.969148,9.617018,23.12891,5.461102,28.2182,70.78056,1662.099,9.617018,24.59375,
49737.46,3.07959E-03,4.363327E-03,6.489963E-02,390.4073,23.65634,3.05974,9.617018,23.12891,5.466123,28.23615,70.78256,1662.144,9.617018,24.59375,
49737.75,4.143979E-03,5.512108E-03,0.0526251,390.3563,23.49583,3.163356,9.617018,23.12891,5.470853,28.26867,70.96103,1665.902,9.617018,24.59375,
49738.04,3.421135E-03,5.151839E-03,4.386767E-02,337.4581,23.33979,3.300672,9.617018,23.12891,5.481956,28.31845,71.0709,1669.007,9.617018,24.59375,
49738.34,3.654252E-03,4.594443E-03,3.156489E-02,311.8476,23.15135,3.409324,9.617018,23.12891,5.461609,28.21574,70.93182,1667.154,9.617018,24.59375,
49738.63,3.713887E-03,5.641261E-03,2.608443E-02,298.2755,22.81529,3.562909,9.617018,23.12891,5.450839,28.15807,70.62949,1657.745,9.617018,24.59375,
49738.93,2.920564E-03,5.858782E-03,2.311821E-02,275.844,22.45289,3.66149,9.617018,23.12891,5.4721,28.27055,70.8978,1664.503,9.617018,24.59375,
49739.22,2.83563E-03,5.362563E-03,2.210121E-02,277.3665,22.10925,3.714606,9.617018,23.12891,5.479899,28.31495,71.069,1670.378,9.617018,24.59375,
49739.52,3.247652E-03,6.558926E-03,2.121135E-02,268.7447,21.91429,3.766995,9.617018,23.12891,5.473321,28.27581,71.13144,1671.177,9.617018,24.59375,
49739.81,3.475348E-03,4.574051E-03,1.763775E-02,257.3051,21.6554,3.790527,9.617018,23.12891,5.467116,28.24568,70.84959,1665.005,9.638247,24.59375,
49740.1,3.600039E-03,5.253803E-03,2.160684E-02,258.0266,21.55332,3.784087,9.617018,23.12891,5.465554,28.23482,70.84647,1664.248,9.617018,24.59375,
49740.4,3.750029E-03,5.07027E-03,1.875362E-02,246.7253,21.39889,3.78002,9.617018,23.12891,5.465208,28.23382,70.81145,1663.114,9.617018,24.59375,
49740.7,3.565704E-03,5.919959E-03,1.888074E-02,276.7772,21.16696,3.888527,9.617018,23.12891,5.465258,28.23998,70.82312,1663.943,9.617018,24.59375,
49740.99,3.410292E-03,5.226612E-03,1.746825E-02,216.4929,20.8836,3.972776,9.617018,23.12891,5.453999,28.17828,70.67564,1659.635,9.617018,24.59375,
49741.3,3.379571E-03,4.166199E-03,1.865474E-02,220.8029,20.52817,4.1466,9.617018,23.12891,5.468817,28.25372,70.81616,1662.435,9.617018,24.59375,
49741.59,2.907915E-03,4.995496E-03,1.695975E-02,193.0754,20.19271,4.25012,9.617018,23.12891,5.469745,28.26555,70.92077,1666.188,9.617018,24.59375,
49741.88,3.518719E-03,5.729629E-03,1.787787E-02,182.4403,19.98076,4.306479,9.617018,23.12891,5.479659,28.30542,71.12798,1670.277,9.617018,24.59375,
49742.16,3.762679E-03,4.35653E-03,1.705863E-02,174.8943,19.66924,4.375815,9.617018,23.12891,5.47828,28.30641,71.05007,1669.48,9.617018,24.59375,
49742.46,3.251266E-03,6.13748E-03,1.631001E-02,161.9762,19.4674,4.432998,9.617018,23.12891,5.474327,28.27949,71.00106,1668.367,9.617018,24.59375,
49742.76,3.061519E-03,5.145042E-03,0.0171575,164.9962,19.2765,4.412711,9.617018,23.12891,5.486526,28.3552,71.20569,1672.205,9.617018,24.59375,
49743.06,3.623531E-03,4.220579E-03,1.734113E-02,150.7432,19.10689,4.470765,9.617018,23.12891,5.481941,28.32063,71.16732,1672.67,9.617018,24.59375,
49743.35,3.29283E-03,4.49248E-03,0.0147704,142.2026,18.81188,4.555401,9.617018,23.12891,5.461257,28.22306,70.76285,1662.798,9.617018,24.59375,
49743.67,3.171753E-03,5.151839E-03,1.578739E-02,144.0241,18.60555,4.548332,9.617018,23.12891,5.471214,28.262,70.79647,1662.53,9.617018,24.59375,
49743.96,3.404871E-03,5.702439E-03,0.0149964,138.7204,18.42376,4.558984,9.617018,23.12891,5.475367,28.29464,70.99871,1668.37,9.617018,24.59375,
49744.24,3.475348E-03,5.824794E-03,1.659251E-02,141.5226,18.29462,4.577287,9.617018,23.12891,5.467915,28.24855,70.95049,1667.879,9.617018,24.59375,
49744.53,3.572932E-03,2.623162E-03,1.632413E-02,141.5182,18.13072,4.555256,9.617018,23.12891,5.46427,28.23015,70.84628,1664.744,9.617018,24.59375,
49744.84,4.033746E-03,4.907129E-03,1.566027E-02,137.4009,18.03794,4.555595,9.617018,23.12891,5.469669,28.25519,70.84831,1664.059,9.617018,24.59375,
49745.14,3.692201E-03,5.199422E-03,1.724225E-02,140.2887,18.01143,4.585227,9.617018,23.12891,5.482764,28.33281,71.15202,1671.257,9.617018,24.59375,
49745.44,3.948811E-03,4.458493E-03,1.671963E-02,133.9904,17.94856,4.581111,9.617018,23.12891,5.467751,28.25112,70.88077,1666.404,9.617018,24.59375,
49745.75,3.751836E-03,5.722831E-03,1.803325E-02,139.5378,17.86564,4.545136,9.617018,23.12891,5.465936,28.23953,70.867,1664.498,9.617018,24.59375,
49746.05,3.390414E-03,4.818761E-03,1.608401E-02,134.7793,17.83809,4.582177,9.617018,23.12891,5.484732,28.33753,71.13239,1672.436,9.617018,24.59375,
49746.35,3.502455E-03,6.042315E-03,1.599926E-02,140.4226,17.82107,4.582564,9.617018,23.12891,5.485402,28.34347,71.15715,1672.982,9.617018,24.59375,
49746.64,3.507876E-03,4.710001E-03,1.438903E-02,139.0202,17.81713,4.544265,9.617018,23.12891,5.48355,28.33669,71.14021,1672.366,9.638247,24.59375,
49746.95,3.513297E-03,4.38372E-03,1.601339E-02,139.454,17.79901,4.595444,9.617018,23.12891,5.490148,28.36214,71.1524,1672.521,9.617018,24.59375,
49747.23,3.883755E-03,5.45093E-03,1.469977E-02,139.5438,17.73768,4.554142,9.617018,23.12891,5.486241,28.34984,71.18352,1673.932,9.617018,24.59375,
49747.52,3.054291E-03,5.151839E-03,1.512352E-02,139.4972,17.77081,4.562083,9.617018,23.12891,5.48994,28.36561,71.2176,1674.641,9.617018,24.59375,
49747.82,3.800628E-03,3.071799E-03,1.664901E-02,137.5884,17.75148,4.567312,9.617018,23.12891,5.490596,28.36642,71.24309,1674.411,9.617018,24.59375,
49748.12,3.847613E-03,5.614071E-03,1.701625E-02,141.367,17.70834,4.563826,9.617018,23.12891,5.483717,28.3385,71.16002,1672.999,9.617018,24.59375,
49748.41,3.53679E-03,4.621633E-03,1.474215E-02,136.2914,17.73915,4.579078,9.617018,23.12891,5.485849,28.34163,71.18602,1673.896,9.617018,24.59375,
49748.71,3.694009E-03,5.722831E-03,1.368278E-02,142.5603,17.71356,4.598833,9.617018,23.12891,5.484088,28.33974,71.17717,1673.271,9.617018,24.59375,
49749.01,3.245845E-03,4.560455E-03,1.455852E-02,136.6932,17.6852,4.595056,9.617018,23.12891,5.492197,28.3768,71.20611,1674.059,9.617018,24.59375,
49749.3,3.534983E-03,5.111055E-03,1.718575E-02,139.2915,17.72809,4.573558,9.617018,23.12891,5.4915,28.37448,71.26659,1675.838,9.617018,24.59375,
49749.59,2.86093E-03,6.157872E-03,1.787787E-02,137.3698,17.70019,4.580192,9.617018,23.12891,5.487927,28.3535,71.25314,1675.811,9.617018,24.59375,
49749.89,3.390414E-03,5.974339E-03,1.611226E-02,140.7034,17.68107,4.572735,9.617018,23.12891,5.484318,28.33618,71.19562,1673.938,9.617018,24.59375,
49750.19,3.627145E-03,5.192625E-03,1.539189E-02,137.5996,17.69259,4.554384,9.617018,23.12891,5.481267,28.32781,71.09286,1672.222,9.617018,24.59375,
49750.48,3.370536E-03,4.764381E-03,1.501052E-02,146.8773,17.67038,4.563293,9.617018,23.12891,5.4962,28.40053,71.34943,1678.028,9.617018,24.59375,
49750.77,3.054291E-03,5.376158E-03,1.650776E-02,139.1066,17.65292,4.548961,9.617018,23.12891,5.478138,28.30139,71.18363,1674.031,9.617018,24.59375,
49751.09,4.140365E-03,5.851984E-03,1.410653E-02,145.2044,17.64951,4.549203,9.617018,23.12891,5.460074,28.21185,70.7781,1664.593,9.617018,24.59375,
49751.39,4.006639E-03,6.259835E-03,1.361216E-02,143.1375,17.62946,4.557435,9.617018,23.12891,5.469528,28.26174,71.04476,1667.606,9.617018,24.59375,
49751.68,3.740994E-03,5.784009E-03,1.608401E-02,166.3554,17.78667,4.478609,9.617018,23.12891,5.49779,28.4128,71.39914,1678.016,9.617018,24.59375,
49751.97,3.789786E-03,4.526468E-03,1.792025E-02,194.0406,18.1115,4.263096,9.617018,23.12891,5.483256,28.33173,71.3867,1678.907,9.617018,24.59375,
49752.25,3.000077E-03,5.879174E-03,1.799087E-02,223.5014,18.36765,4.130525,9.617018,23.12891,5.458889,28.20288,70.79397,1664.648,9.617018,24.59375,
49752.56,3.314515E-03,5.648058E-03,1.602751E-02,208.8699,18.52278,4.118711,9.617018,23.12891,5.47583,28.28988,70.92458,1665.435,9.617018,24.59375,
49752.84,0.0033615,5.729629E-03,1.635239E-02,218.2418,18.75022,4.09605,9.617018,23.12891,5.494705,28.39559,71.32612,1676.86,9.617018,24.59375,
49753.13,3.095854E-03,5.817996E-03,1.841462E-02,215.3212,18.94315,4.05717,9.617018,23.12891,5.487707,28.35535,71.27325,1676.07,9.617018,24.59375,
49753.43,3.352464E-03,5.090662E-03,1.831575E-02,244.763,19.20441,4.012818,9.617018,23.12891,5.486965,28.35463,71.14998,1672.472,9.617018,24.59375,
49753.72,3.027184E-03,4.27496E-03,1.679026E-02,225.5424,19.38026,3.92305,9.617018,23.12891,5.477696,28.30514,71.12433,1672.429,9.617018,24.59375,
49754.04,3.059712E-03,3.948679E-03,2.075935E-02,262.4464,19.56805,3.902326,9.617018,23.12891,5.48983,28.37015,71.19823,1674.299,9.617018,24.59375,
49754.32,3.103083E-03,4.580848E-03,0.0201661,228.4336,19.58383,3.872791,9.617018,23.12891,5.493219,28.39,71.35691,1676.3,9.617018,24.59375,
49754.63,3.46812E-03,4.091427E-03,1.770837E-02,254.0432,19.61023,3.873711,9.617018,23.12891,5.495317,28.3997,71.38725,1678.223,9.617018,24.59375,
49754.93,3.01092E-03,5.614071E-03,2.133847E-02,266.1827,19.62303,3.815414,9.617018,23.12891,5.492116,28.3852,71.32015,1676.274,9.617018,24.59375,
49755.23,0.0033615,5.348968E-03,2.451657E-02,282.5294,19.70704,3.706859,9.617018,23.12891,5.479263,28.3178,71.08571,1671.335,9.617018,24.59375,
49755.54,3.433784E-03,5.892769E-03,2.837267E-02,315.9866,19.79671,3.593123,9.617018,23.12891,5.485306,28.34652,71.22327,1673.7,9.617018,24.59375,
49755.84,3.056098E-03,4.608038E-03,2.696018E-02,293.4012,19.85787,3.511246,9.617018,23.12891,5.48701,28.35699,71.20795,1674.627,9.617018,24.59375,
49756.13,3.258494E-03,4.51967E-03,2.994053E-02,343.9698,20.00534,3.52277,9.617018,23.12891,5.47828,28.31568,71.08821,1671.101,9.638247,24.59375,
49756.43,3.621724E-03,5.695641E-03,2.994053E-02,311.3819,20.12914,3.498028,9.617018,23.12891,5.484808,28.34291,71.1497,1672.676,9.617018,24.59375,
49756.72,3.256687E-03,4.798369E-03,3.745497E-02,347.2983,20.2703,3.403272,9.617018,23.12891,5.489966,28.37539,71.28622,1676.789,9.617018,24.59375,
49757.01,3.392221E-03,5.253803E-03,0.0428083,328.1995,20.48668,3.296944,9.617018,23.12891,5.49716,28.40813,71.39924,1678.254,9.617018,24.59375,
49757.28,4.086152E-03,5.138244E-03,5.666482E-02,386.2597,20.77437,3.205384,9.617018,23.12891,5.493349,28.38861,71.34824,1678.679,9.617018,24.59375,
49757.58,3.775329E-03,1.229671E-03,5.840218E-02,366.4636,20.92055,3.110483,9.617018,23.12891,5.488119,28.36284,71.23318,1674.99,9.617018,24.59375,
49757.88,3.225966E-03,6.001529E-03,6.957497E-02,393.3244,21.28433,3.054801,9.617018,23.12891,5.478835,28.31991,71.08115,1671.306,9.617018,24.59375,
49758.19,3.502455E-03,5.280992E-03,7.285194E-02,400.7512,21.56918,3.022263,9.617018,23.12891,5.490859,28.3823,71.31044,1676.396,9.617018,24.59375,
49758.49,3.108504E-03,4.805166E-03,7.591704E-02,389.9389,21.81281,3.021004,9.617018,23.12891,5.4834,28.33899,71.17397,1672.986,9.617018,24.59375,
49758.78,3.905441E-03,5.213017E-03,9.464665E-02,434.0183,21.99441,2.927556,9.617018,23.12891,5.502212,28.44353,71.4616,1680.928,9.617018,24.59375,
49759.07,3.744608E-03,5.940352E-03,0.1167803,453.5578,22.21908,2.843743,9.617018,23.12891,5.488883,28.36952,71.28655,1677.287,9.617018,24.59375,
49759.34,3.222352E-03,5.729629E-03,0.1213851,429.8189,22.41495,2.792128,9.617018,23.12891,5.492384,28.38593,71.33835,1677.603,9.617018,24.59375,
49759.64,4.053624E-03,1.610332E-03,0.125227,461.1556,22.50005,2.797406,9.617018,23.12891,5.489274,28.37179,71.25574,1675.995,9.617018,24.59375,
49759.96,3.204281E-03,6.232645E-03,0.1140542,394.4762,22.63463,2.783606,9.617018,23.12891,5.499525,28.42593,71.43882,1680.29,9.617018,24.59375,
49760.25,3.822314E-03,4.730393E-03,0.1301142,515.2203,22.75165,2.799197,9.617018,23.12891,5.500895,28.44027,71.49196,1680.982,9.638247,24.59375,
49760.55,3.050677E-03,4.886736E-03,0.1275294,433.5068,22.81205,2.796389,9.617018,23.12891,5.502422,28.44065,71.45604,1681.32,9.617018,24.59375,
49760.86,3.675937E-03,5.145042E-03,0.1770513,537.1005,22.94124,2.720081,9.617018,23.12891,5.482557,28.34291,71.15763,1673.358,9.617018,24.59375,
49761.16,3.740994E-03,6.16467E-03,0.199185,481.3717,23.0858,2.595305,9.617018,23.12891,5.470329,28.27341,71.01723,1668.953,9.617018,24.59375,
49761.46,3.529561E-03,4.920724E-03,0.2507549,557.886,23.26767,2.51982,9.617018,23.12891,5.486531,28.3585,71.30231,1675.015,9.617018,24.59375,
49761.73,3.141032E-03,4.777976E-03,0.260939,557.7651,23.33806,2.476582,9.617018,23.12891,5.480279,28.3257,71.36068,1678.96,9.617018,24.59375,
49762.05,3.778943E-03,4.037046E-03,0.2824088,569.38,23.43985,2.450145,9.617018,23.12891,5.479756,28.32048,71.16782,1672.502,9.617018,24.59375,
49762.35,3.377764E-03,5.219815E-03,0.2912228,543.3989,23.48581,2.412766,9.617018,23.12891,5.487459,28.36867,71.28462,1676.322,9.617018,24.59375,
49762.67,3.600039E-03,5.648058E-03,0.3531886,570.0229,23.61473,2.356648,9.617018,23.12891,5.484446,28.34884,71.22253,1675.162,9.617018,24.59375,
49762.96,3.585582E-03,4.832356E-03,0.385351,569.5321,23.6845,2.281938,9.617018,23.12891,5.489782,28.37857,71.22655,1677.423,9.638247,24.59375,
49763.26,3.609074E-03,5.750021E-03,0.4485458,615.7293,23.79366,2.241798,9.617018,23.12891,5.491354,28.37705,71.0906,1671.735,9.617018,24.59375,
49763.57,3.612689E-03,4.431303E-03,0.4697472,541.7778,23.81009,2.198754,9.617018,23.12891,5.475253,28.3048,71.09216,1671.499,9.617018,24.59375,
49763.85,3.876527E-03,6.19186E-03,0.5691441,600.9898,23.95957,2.120363,9.617018,23.12891,5.48349,28.34278,71.22672,1674.337,9.617018,24.59375,
49764.14,3.459084E-03,4.927522E-03,0.6910419,693.3143,24.05965,2.071944,9.617018,23.12891,5.480168,28.32341,71.20399,1675.045,9.617018,24.59375,
49764.43,3.289215E-03,5.797604E-03,0.8422205,751.1584,24.17977,2.007257,9.617018,23.12891,5.484588,28.35012,71.22261,1674.716,9.617018,24.59375,
49764.73,3.386799E-03,5.593678E-03,1.105297,880.1942,24.3409,1.920345,9.617018,23.12891,5.486282,28.35531,71.24307,1675.75,9.617018,24.59375,
49765.02,3.164525E-03,6.579319E-03,1.026042,587.9975,24.42295,1.829898,9.617018,23.12891,5.494976,28.40656,71.38477,1679.6,9.617018,24.59375,
49765.32,4.084345E-03,6.11029E-03,1.371141,792.9705,24.53778,1.775863,9.617018,23.12891,5.48663,28.35921,71.30158,1677.328,9.617018,24.59375,
49765.61,3.441013E-03,6.30062E-03,1.30902,796.8994,24.623,1.774362,9.617018,23.12891,5.49178,28.39351,71.32806,1678.811,9.617018,24.59375,
49765.91,3.910862E-03,5.31498E-03,1.012115,542.0776,24.64099,1.773248,9.617018,23.12891,5.480029,28.3248,71.10197,1673.174,9.617018,24.59375,
49766.22,3.478962E-03,6.212253E-03,1.458814,945.6848,24.69505,1.807625,9.617018,23.12891,5.484716,28.35665,71.24346,1676.153,9.617018,24.59375,
49766.52,3.520526E-03,5.892769E-03,1.575613,831.0876,24.76659,1.733254,9.617018,23.12891,5.478656,28.3223,71.13826,1674.089,9.617018,24.59375,
49766.81,3.766293E-03,7.598946E-03,1.644345,616.5917,24.76519,1.594534,9.617018,23.12891,5.493729,28.40201,71.44591,1680.534,9.638247,24.59375,
49767.09,3.58016E-03,1.121523E-02,3.034658,906.6542,24.87814,1.450632,9.617018,23.12891,5.502322,28.44293,71.48172,1682.522,9.617018,24.59375,
49767.39,4.357219E-03,1.986167E-02,3.598665,814.2943,24.91055,1.301793,9.617018,23.12891,5.511329,28.49388,71.64478,1686.814,9.617018,24.59375,
49767.68,4.630093E-03,3.187289E-02,5.336267,1088.587,24.97913,1.200452,9.617018,23.12891,5.490682,28.38465,71.47002,1683.396,9.617018,24.59375,
49768,4.503595E-03,3.115235E-02,5.226502,1069.013,25.00893,1.176969,9.617018,23.12891,5.48352,28.34547,71.33295,1679.016,9.638247,24.59375,
49768.3,4.328305E-03,3.395293E-02,5.514933,1142.647,25.05933,1.179002,9.617018,23.12891,5.501131,28.44257,71.52534,1682.842,9.617018,24.59375,
49768.59,4.425889E-03,2.947336E-02,4.722696,888.7971,25.04022,1.137798,9.617018,23.12891,5.500745,28.43944,71.54181,1682.67,9.617018,24.59375,
49768.88,4.017482E-03,2.561917E-02,4.049503,757.6252,25.06219,1.173821,9.617018,23.12891,5.490194,28.37828,71.54784,1684.978,9.617018,24.59375,
49769.18,4.391554E-03,3.548237E-02,5.619457,1113.602,25.06364,1.187379,9.617018,23.12891,5.483429,28.34349,71.24538,1676.799,9.617018,24.59375,
49769.47,5.864351E-03,5.516798E-02,5.708726,861.3651,25.07223,1.082987,9.617018,23.12891,5.486265,28.37071,71.34708,1678.53,9.617018,24.59375,
49769.77,8.627425E-03,0.115496,7.887066,911.3591,25.09053,0.9493995,9.617018,23.12891,5.491899,28.3877,71.36662,1680.182,9.638247,24.59375,
49770.07,1.395841E-02,0.2146446,10.75004,1114.552,25.17706,0.8391495,9.617018,23.12891,5.500603,28.449,71.55936,1684.734,9.617018,24.59375,
49770.38,2.308794E-02,0.3700835,16.04121,1611.421,25.19462,0.7869049,9.617018,23.12891,5.475607,28.31042,71.16137,1675.898,9.617018,24.59375,
49770.68,1.973032E-02,0.2857602,9.937153,791.4972,25.23269,0.7422626,9.617018,23.12891,5.487831,28.37887,71.36427,1681.921,9.617018,24.59375,
49770.97,1.929119E-02,0.2919324,9.969612,796.3473,25.23707,0.7414879,9.617018,23.12891,5.479759,28.33554,71.29583,1678.078,9.617018,24.59375,
49771.26,3.131572E-02,0.43986,12.40692,919.7381,25.23301,0.7054642,9.617018,23.12891,5.485744,28.35589,71.40068,1681.229,9.617018,24.59375,
49771.54,5.545151E-02,0.6765428,13.09006,828.9663,25.33574,0.6158891,9.617018,23.12891,5.492949,28.4007,71.40848,1680.939,9.617018,24.59375,
49771.83,0.1196094,1.328357,20.12924,1160.618,25.31345,0.5340611,9.617018,23.12891,5.491972,28.39641,71.40525,1681.716,9.617018,24.59375,
49772.15,0.1657522,1.667513,18.03661,840.6021,25.34598,0.4211481,9.617018,23.12891,5.482913,28.35379,71.34031,1680.033,9.617018,24.59375,
49772.44,0.2541525,2.36487,22.42401,1019.438,25.36446,0.4037172,9.617018,23.12891,5.483213,28.35827,71.29067,1679.448,9.617018,24.59375,
49772.74,0.3792247,3.279884,26.35302,1109.387,25.37754,0.3549109,9.617018,23.12891,5.482989,28.34375,71.16121,1676.065,9.617018,24.59375,
49773.03,0.3548504,3.011804,23.01146,965.7418,25.41526,0.3281353,9.638247,23.12891,5.490462,28.39438,71.40726,1682.597,9.617018,24.59375,
49773.33,0.3959351,3.47466,28.15953,1202.134,25.38846,0.339659,9.638247,23.12891,5.492059,28.39932,71.45369,1682.358,9.617018,24.59375,
49773.63,0.5567247,4.823668,41.33173,1928.677,25.4069,0.3547657,9.638247,23.12891,5.48222,28.35687,71.28084,1679.41,9.617018,24.59375,
49773.93,0.5038396,4.326403,36.3451,1666.363,25.47052,0.3744722,9.638247,23.12891,5.485709,28.36607,71.28229,1678.335,9.617018,24.59375,
49774.23,0.5207234,4.474983,37.37235,1734.146,25.42242,0.3272637,9.617018,23.12891,5.472292,28.30556,71.15472,1675.647,9.617018,24.59375,
49774.52,0.5405926,4.604952,37.28511,1652.511,25.45172,0.3282321,9.617018,23.12891,5.472866,28.30872,71.20675,1675.86,9.617018,24.59375,
49774.82,0.6416373,5.116526,38.27415,1662.099,25.46092,0.3161758,9.617018,23.12891,5.476434,28.31743,71.24055,1678.373,9.617018,24.59375,
49775.11,0.960804,7.007814,41.88379,1615.976,25.43367,0.2798616,9.617018,23.12891,5.469223,28.28334,71.11434,1674.54,9.617018,24.59375,
49775.41,2.131775,12.64773,51.15257,1638.427,25.42735,0.2072331,9.617018,23.12891,5.467032,28.26582,71.19675,1677.117,9.617018,24.59375,
49775.7,3.132185,17.26617,57.31557,1682.855,25.47569,0.1362025,9.617018,23.12891,5.471976,28.30344,71.21487,1677.333,9.617018,24.59375,
49775.99,3.783794,20.83311,63.55169,1744.579,25.46661,0.1337816,9.617018,23.12891,5.472664,28.2953,71.18776,1677.773,9.617018,24.59375,
49776.27,4.947176,25.86194,71.25722,1859.659,25.54677,9.940411E-02,9.617018,23.12891,5.482117,28.3428,71.27854,1678.096,9.617018,24.59375,
49776.57,6.595554,33.47537,86.70453,2187.77,25.50414,9.591795E-02,9.617018,23.12891,5.470176,28.28624,71.21539,1678.734,9.617018,24.59375,
49776.89,6.462146,33.08692,85.47698,2141.838,25.53446,8.884878E-02,9.617018,23.12891,5.478703,28.33016,71.28076,1678.351,9.617018,24.59375,
49777.18,5.698881,29.74183,77.42269,1948.386,25.50632,7.596934E-02,9.617018,23.12891,5.474849,28.31271,71.26334,1678.645,9.617018,24.59375,
49777.48,4.843344,25.63951,69.57706,1801.887,25.52725,0.1010504,9.617018,23.12891,5.483906,28.35748,71.37084,1681.388,9.617018,24.59375,
49777.77,5.246187,27.0981,71.79128,1850.541,25.51259,9.344858E-02,9.617018,23.12891,5.476259,28.3278,71.29155,1679.866,9.617018,24.59375,
49778.06,5.193456,26.91843,71.40905,1843.646,25.51187,0.1108794,9.617018,23.12891,5.483966,28.36177,71.3409,1681.134,9.617018,24.59375,
49778.36,4.950818,26.23246,70.42358,1805.618,25.50796,0.1070059,9.617018,23.12891,5.473941,28.308,71.25661,1679.902,9.617018,24.59375,
49778.65,4.845687,25.16799,66.2898,1683.288,25.52766,9.044661E-02,9.617018,23.12891,5.477858,28.33158,71.29816,1680.109,9.617018,24.59375,
49778.95,4.539188,23.5014,58.41567,1405.344,25.5299,9.833889E-02,9.617018,23.12891,5.470746,28.28535,71.2077,1678.578,9.617018,24.59375,
49779.24,3.85252,20.33374,50.60957,1197.132,25.53271,0.1207569,9.617018,23.12891,5.474417,28.31625,71.23943,1679.474,9.617018,24.59375,
49779.54,3.823185,19.92577,48.36792,1133.59,25.55922,0.1097658,9.617018,23.12891,5.474461,28.31068,71.208,1678.554,9.617018,24.59375,
49779.83,3.282353,17.72252,47.24424,1162.032,25.54813,0.1132035,9.617018,23.12891,5.476377,28.32746,71.29121,1680.767,9.617018,24.59375,
49780.15,3.045254,16.22634,40.8109,951.5311,25.59377,0.1116057,9.617018,23.12891,5.475421,28.31728,71.28383,1680.449,9.617018,24.59375,
49780.44,3.01428,16.21452,41.89399,979.9032,25.59954,0.1197401,9.617018,23.12891,5.476274,28.32417,71.29539,1680.528,9.617018,24.59375,
49780.74,3.447029,18.10349,45.85029,1094.588,25.59085,0.1202243,9.617018,23.12891,5.474839,28.31784,71.31374,1681.145,9.617018,24.59375,
49781.04,3.12223,16.89766,45.39931,1124.053,25.64392,0.1210474,9.617018,23.12891,5.470406,28.29783,71.20377,1678.438,9.617018,24.59375,
49781.33,2.674586,14.43848,37.1991,859.4122,25.63548,0.0952885,9.617018,23.12891,5.466756,28.27888,71.15411,1677.444,9.617018,24.59375,
49781.64,2.964874,16.25105,44.57852,1104.109,25.55374,0.1207569,9.617018,23.12891,5.472192,28.30129,71.23096,1679.171,9.617018,24.59375,
49781.94,3.009117,16.5549,46.44831,1173.976,25.58478,0.1064733,9.617018,23.12891,5.468397,28.28366,71.16265,1678.741,9.617018,24.59375,
49782.24,2.795162,15.54454,43.8525,1102.466,25.61358,0.1255988,9.617018,23.12891,5.466855,28.27647,71.16949,1677.65,9.617018,24.59375,
49782.53,2.705172,14.92364,41.64769,1037.669,25.6039,0.1062312,9.617018,23.12891,5.469325,28.29092,71.18154,1678.795,9.617018,24.59375,
49782.83,2.537287,14.37351,41.98284,1050.663,25.61338,0.1659318,9.617018,23.12891,5.472902,28.30252,71.07227,1675.541,9.617018,24.59375,
49783.14,2.21867,12.71751,37.29556,931.4836,25.57159,0.1607994,9.617018,23.12891,5.468441,28.29464,71.2007,1679.818,9.617018,24.59375,
49783.43,2.016776,11.73634,36.10536,929.3718,25.57119,0.1729041,9.617018,23.12891,5.468945,28.29259,71.22792,1679.482,9.638247,24.59375,
49783.73,2.145175,12.50188,39.22527,1024.927,25.61068,0.1615741,9.617018,23.12891,5.472229,28.30062,71.22533,1679.633,9.617018,24.59375,
49784.02,1.990947,11.61916,36.83347,961.3013,25.57409,0.1633656,9.617018,23.12891,5.468161,28.28667,71.21794,1679.119,9.617018,24.59375,
49784.3,1.931811,11.31575,35.12817,893.7051,25.58937,0.1610899,9.617018,23.12891,5.46686,28.27178,71.1881,1678.818,9.617018,24.59375,
49784.6,2.254568,13.26168,44.31335,1227.333,25.59213,0.163075,9.617018,23.12891,5.464128,28.25854,71.10371,1675.892,9.617018,24.59375,
49784.89,2.044902,12.32806,43.47505,1226.26,25.54495,0.1781818,9.617018,23.12891,5.463971,28.26592,71.11353,1676.859,9.617018,24.59375,
49785.21,1.832074,10.98803,37.22651,1010.936,25.55992,0.1801185,9.617018,23.12891,5.468621,28.28957,71.19859,1678.427,9.617018,24.59375,
49785.49,1.821094,10.94001,39.04026,1110.454,25.58175,0.1708221,9.617018,23.12891,5.460365,28.24578,71.09806,1675.421,9.617018,24.59375,
49785.8,1.829848,11.08491,39.15916,1109.172,25.57485,0.2083952,9.617018,23.12891,5.473763,28.31,71.25468,1679.159,9.617018,24.59375,
49786.1,1.905754,11.66236,42.38755,1247.24,25.52509,0.1592499,9.617018,23.12891,5.460738,28.25477,71.12,1676.148,9.617018,24.59375,
49786.4,1.759349,11.1122,42.78445,1267.117,25.58033,0.1701442,9.617018,23.12891,5.46554,28.27064,71.10877,1676.581,9.617018,24.59375,
49786.69,1.673636,10.39484,37.23479,1034.525,25.6077,0.1535849,9.617018,23.12891,5.466423,28.27751,71.18151,1677.37,9.617018,24.59375,
49787,1.881244,11.44428,41.92972,1221.703,25.58002,0.1744535,9.617018,23.12891,5.467396,28.2775,71.17947,1678.301,9.617018,24.59375,
49787.3,1.743806,10.62952,37.80583,1061.216,25.55941,0.177165,9.617018,23.12891,5.457445,28.23282,71.02553,1674.213,9.617018,24.59375,
49787.6,1.536223,9.261491,31.7982,859.6922,25.55067,0.1846215,9.617018,23.12891,5.462755,28.25786,71.10743,1675.712,9.617018,24.59375,
49787.91,1.575587,9.759518,36.32121,1039.305,25.57286,0.1931432,9.617018,23.12891,5.472842,28.3145,71.2869,1680.853,9.617018,24.59375,
49788.19,1.494641,9.378972,34.88877,975.511,25.569,0.1907223,9.617018,23.12891,5.470684,28.30247,71.24015,1680.271,9.617018,24.59375,
49788.5,1.416247,9.117396,34.64944,968.296,25.55392,0.1694663,9.617018,23.12891,5.479463,28.34469,71.32296,1681.688,9.617018,24.59375,
49788.79,1.4132,8.911268,33.99084,969.5282,25.57345,0.2113003,9.617018,23.12891,5.477394,28.33849,71.35478,1682.372,9.617018,24.59375,
49789.07,2.046991,12.36736,47.71138,1474.088,25.57711,0.1893665,9.617018,23.12891,5.479171,28.34256,71.35297,1682.696,9.617018,24.59375,
49789.36,1.773903,10.95613,41.72144,1253.34,25.55601,0.1785207,9.617018,23.12891,5.479899,28.34284,71.4689,1685.438,9.617018,24.59375,
49789.68,1.569645,9.878236,36.49935,1010.658,25.59098,0.1867519,9.617018,23.12891,5.479324,28.33885,71.23685,1679.239,9.617018,24.59375,
49789.97,1.660062,10.67129,43.90405,1349.146,25.57169,0.2130434,9.617018,23.12891,5.470204,28.30053,71.21613,1678.988,9.617018,24.59375,
49790.27,1.711769,10.27747,35.21928,943.7206,25.54501,0.2115908,9.617018,23.12891,5.481235,28.35765,71.32665,1681.11,9.638247,24.59375,
49790.56,2.209587,13.04394,43.98697,1232.585,25.57088,0.1800701,9.617018,23.12891,5.467608,28.28827,71.16943,1678.441,9.617018,24.59375,
49790.86,2.109013,12.046,36.74833,926.439,25.57854,0.1800701,9.617018,23.12891,5.48283,28.35911,71.34042,1681.115,9.617018,24.59375,
49791.15,2.23819,12.74575,38.91843,1018.219,25.55459,0.1750345,9.617018,23.12891,5.472006,28.30883,71.24789,1679.523,9.617018,24.59375,
49791.45,1.876461,11.2691,37.79199,1019.221,25.56027,0.1638982,9.617018,23.12891,5.48479,28.37018,71.40866,1682.944,9.617018,24.59375,
49791.72,2.108246,12.36698,41.38067,1161.703,25.53672,0.1737756,9.617018,23.12891,5.484352,28.3686,71.39539,1683.573,9.617018,24.59375,
49792.04,1.799496,11.23873,41.06235,1174.874,25.55284,0.1715968,9.617018,23.12891,5.484956,28.37436,71.48724,1685.691,9.617018,24.59375,
49792.34,1.466606,9.280938,35.8635,1068.922,25.55564,0.1893181,9.617018,23.12891,5.480613,28.35863,71.38926,1682.037,9.617018,24.59375,
49792.63,1.365595,9.434216,44.96003,1542.703,25.56705,0.2167232,9.617018,23.12891,5.48412,28.38086,71.40791,1682.778,9.617018,24.59375,
49792.91,0.9535756,7.386789,47.92665,1972.973,25.57197,0.2743902,9.617018,23.12891,5.478827,28.34224,71.32617,1680.834,9.617018,24.59375,
49793.2,0.7799392,5.949739,36.43405,1393.724,25.52898,0.3236807,9.617018,23.12891,5.501827,28.46117,71.54522,1684.382,9.617018,24.59375,
49793.51,0.554764,4.640564,31.37711,1213.619,25.56787,0.3022795,9.617018,23.12891,5.496438,28.43086,71.56826,1687.091,9.617018,24.59375,
49793.81,0.6081352,4.907203,32.07658,1233.584,25.5971,0.2961788,9.617018,23.12891,5.493737,28.42565,71.53249,1686.29,9.617018,24.59375,
49794.1,0.6858971,5.648575,41.04996,1727.967,25.55176,0.3211629,9.617018,23.12891,5.491503,28.42008,71.5412,1685.694,9.617018,24.59375,
49794.42,0.5789232,4.680499,31.93828,1276.214,25.58051,0.3152074,9.617018,23.12891,5.497858,28.44417,71.62051,1687.855,9.617018,24.59375,
49794.72,0.6376002,5.199816,36.07467,1460.099,25.60744,0.3111402,9.617018,23.12891,5.494756,28.43768,71.60851,1687.037,9.617018,24.59375,
49795.01,0.8827386,6.628906,43.49734,1789.392,25.57797,0.3014564,9.617018,23.12891,5.500611,28.46627,71.66628,1689.277,9.617018,24.59375,
49795.31,0.980619,7.034542,40.87285,1564.099,25.53711,0.2813141,9.617018,23.12891,5.499365,28.45704,71.67153,1689.609,9.617018,24.59375,
49795.62,1.412421,9.699774,51.02511,1869.536,25.54488,0.2275207,9.617018,23.12891,5.493207,28.43051,71.54721,1686.767,9.617018,24.59375,
7/9/2018 1:49:55 PM,  Comment: js dm g lake 070918 reading 2
49795.92,1.77585,11.42144,52.09641,1775.105,25.56439,0.228828,9.617018,23.12891,5.50367,28.4838,71.74817,1690.813,9.617018,24.59375,
49796.21,2.262785,13.76315,54.53336,1717.657,25.56932,0.1893665,9.617018,23.12891,5.499965,28.46481,71.63896,1689.046,9.617018,24.59375,
49796.51,2.925592,16.95271,61.01102,1850.339,25.57215,0.1516966,9.617018,23.12891,5.504636,28.48889,71.65613,1688.27,9.617018,24.59375,
49796.81,3.120307,17.7469,58.98824,1692.075,25.57662,0.114995,9.617018,23.12891,5.495833,28.4456,71.57191,1687.335,9.617018,24.59375,
49797.1,3.559442,19.63004,62.35714,1781.878,25.56421,8.855827E-02,9.617018,23.12891,5.504155,28.48762,71.7217,1690.543,9.617018,24.59375,
7/9/2018 1:49:57 PM,  Recording terminated by user.
